customer_id,product_id,action_type,timestamp
66,3,Add,2024-08-28 22:00:00
356,33,Add,2024-06-16 20:00:00
153,15,Add,2024-10-04 18:00:00
491,47,Remove,2024-01-14 04:00:00
435,5,Add,2024-08-30 12:00:00
191,24,Add,2024-07-08 22:00:00
218,11,Remove,2024-08-05 10:00:00
429,33,Add,2024-11-06 11:00:00
154,23,Remove,2024-06-16 11:00:00
277,10,Add,2024-07-11 17:00:00
82,43,Remove,2024-06-10 11:00:00
221,28,Add,2024-12-04 22:00:00
435,39,Add,2024-05-14 00:00:00
280,17,Remove,2024-03-29 09:00:00
111,44,Add,2024-04-02 22:00:00
92,26,Add,2024-12-14 00:00:00
12,25,Purchase,2024-11-30 14:00:00
139,36,Add,2024-06-12 09:00:00
155,12,Remove,2024-08-19 13:00:00
23,3,Add,2024-07-23 20:00:00
417,50,Add,2024-06-25 06:00:00
464,29,Add,2024-10-20 08:00:00
220,44,Purchase,2024-10-02 19:00:00
348,24,Add,2024-01-08 13:00:00
237,19,Remove,2024-11-13 19:00:00
253,13,Purchase,2024-06-11 22:00:00
422,16,Add,2024-02-14 20:00:00
183,40,Remove,2024-08-20 20:00:00
198,27,Remove,2024-08-20 21:00:00
170,6,Add,2024-12-07 10:00:00
123,42,Add,2024-01-06 22:00:00
413,10,Add,2024-02-13 03:00:00
34,38,Remove,2024-01-04 22:00:00
381,8,Remove,2024-08-06 21:00:00
313,18,Add,2024-12-02 06:00:00
3,32,Add,2024-10-20 19:00:00
6,17,Purchase,2024-06-16 06:00:00
304,42,Add,2024-09-20 08:00:00
102,2,Remove,2024-08-11 02:00:00
192,44,Add,2024-04-24 10:00:00
376,20,Remove,2024-09-28 17:00:00
13,10,Purchase,2024-08-17 01:00:00
36,9,Add,2024-07-15 20:00:00
463,48,Add,2024-11-12 21:00:00
70,39,Add,2024-02-15 20:00:00
289,41,Add,2024-11-28 21:00:00
105,25,Add,2024-08-27 03:00:00
204,25,Remove,2024-08-08 05:00:00
313,24,Add,2024-03-13 00:00:00
55,6,Add,2024-03-26 16:00:00
107,30,Remove,2024-08-02 03:00:00
141,10,Remove,2024-08-27 06:00:00
225,39,Add,2024-03-09 08:00:00
307,31,Remove,2024-05-31 18:00:00
348,18,Remove,2024-04-06 07:00:00
309,43,Add,2024-08-31 22:00:00
36,33,Add,2024-07-14 22:00:00
133,19,Add,2024-10-14 16:00:00
375,23,Remove,2024-03-05 01:00:00
25,5,Remove,2024-03-25 13:00:00
337,26,Remove,2024-10-08 21:00:00
37,29,Add,2024-04-30 12:00:00
19,24,Add,2024-09-11 22:00:00
35,6,Remove,2024-05-15 21:00:00
363,39,Add,2024-09-09 08:00:00
418,4,Add,2024-11-07 19:00:00
310,48,Add,2024-12-19 16:00:00
430,42,Remove,2024-04-03 05:00:00
6,26,Add,2024-02-04 19:00:00
467,15,Add,2024-05-05 16:00:00
385,13,Remove,2024-08-17 07:00:00
199,40,Remove,2024-01-14 09:00:00
34,22,Remove,2024-02-21 09:00:00
56,13,Remove,2024-07-25 07:00:00
256,39,Add,2024-02-12 15:00:00
211,17,Add,2024-01-03 14:00:00
97,36,Remove,2024-04-04 10:00:00
282,39,Add,2024-08-25 06:00:00
489,48,Remove,2024-01-19 14:00:00
241,25,Remove,2024-08-17 19:00:00
170,34,Add,2024-08-01 06:00:00
347,21,Add,2024-02-25 13:00:00
294,25,Add,2024-05-11 08:00:00
410,25,Add,2024-08-18 14:00:00
227,22,Add,2024-10-31 23:00:00
315,23,Purchase,2024-07-08 15:00:00
127,25,Add,2024-12-08 13:00:00
468,14,Remove,2024-07-21 13:00:00
280,14,Add,2024-06-16 18:00:00
367,26,Add,2024-02-03 22:00:00
21,40,Add,2024-08-16 14:00:00
316,30,Remove,2024-01-01 01:00:00
246,26,Add,2024-04-24 21:00:00
90,38,Add,2024-09-10 16:00:00
404,22,Remove,2024-02-16 23:00:00
6,39,Add,2024-06-26 20:00:00
451,39,Add,2024-12-25 20:00:00
266,34,Add,2024-09-09 13:00:00
396,25,Add,2024-03-12 21:00:00
97,36,Add,2024-08-02 07:00:00
150,13,Add,2024-05-20 04:00:00
446,29,Add,2024-11-25 06:00:00
445,42,Remove,2024-05-21 05:00:00
80,9,Remove,2024-03-15 07:00:00
17,15,Remove,2024-09-29 03:00:00
138,31,Remove,2024-03-10 14:00:00
140,44,Add,2024-08-21 04:00:00
339,27,Remove,2024-12-04 06:00:00
40,31,Add,2024-01-24 18:00:00
407,10,Remove,2024-05-26 10:00:00
168,37,Add,2024-03-07 10:00:00
74,7,Add,2024-06-14 05:00:00
74,32,Remove,2024-04-30 10:00:00
50,11,Remove,2024-03-12 22:00:00
10,48,Remove,2024-01-08 22:00:00
103,45,Add,2024-08-08 15:00:00
350,28,Add,2024-03-12 07:00:00
388,4,Add,2024-06-21 00:00:00
385,48,Add,2024-08-21 04:00:00
299,45,Add,2024-05-24 21:00:00
339,31,Add,2024-03-18 05:00:00
389,29,Add,2024-06-08 13:00:00
478,33,Add,2024-08-23 19:00:00
474,4,Remove,2024-05-29 21:00:00
104,47,Remove,2024-06-09 04:00:00
290,26,Add,2024-01-18 13:00:00
450,31,Add,2024-05-14 14:00:00
280,31,Add,2024-09-21 14:00:00
142,27,Add,2024-07-05 15:00:00
297,25,Remove,2024-12-26 06:00:00
170,48,Remove,2024-07-17 16:00:00
13,36,Remove,2024-06-19 05:00:00
157,49,Add,2024-09-12 14:00:00
449,31,Remove,2024-11-04 07:00:00
174,43,Add,2024-09-04 03:00:00
162,37,Add,2024-01-01 05:00:00
447,45,Add,2024-01-31 00:00:00
132,44,Remove,2024-04-26 04:00:00
28,23,Add,2024-10-01 04:00:00
83,35,Add,2024-11-20 16:00:00
385,4,Remove,2024-10-13 11:00:00
420,28,Add,2024-03-19 18:00:00
363,42,Add,2024-11-06 20:00:00
269,41,Add,2024-07-23 11:00:00
251,42,Add,2024-07-29 12:00:00
370,13,Remove,2024-03-31 05:00:00
106,1,Add,2024-06-09 05:00:00
261,12,Add,2024-05-20 12:00:00
353,43,Add,2024-01-20 03:00:00
14,40,Remove,2024-06-13 12:00:00
80,26,Add,2024-12-02 02:00:00
376,46,Remove,2024-11-10 19:00:00
160,46,Add,2024-05-25 14:00:00
178,23,Add,2024-10-23 05:00:00
155,49,Purchase,2024-09-30 00:00:00
35,22,Add,2024-06-15 09:00:00
259,28,Add,2024-04-11 06:00:00
260,17,Add,2024-01-08 01:00:00
135,6,Add,2024-03-13 08:00:00
461,14,Add,2024-09-19 08:00:00
489,50,Purchase,2024-07-27 02:00:00
131,17,Remove,2024-01-31 15:00:00
81,38,Add,2024-02-02 20:00:00
367,5,Add,2024-05-24 02:00:00
59,13,Remove,2024-11-05 21:00:00
74,48,Add,2024-06-28 06:00:00
239,9,Add,2024-07-08 17:00:00
129,44,Remove,2024-02-26 13:00:00
412,42,Remove,2024-07-26 05:00:00
315,26,Remove,2024-11-17 22:00:00
374,13,Remove,2024-08-22 10:00:00
437,19,Purchase,2024-07-04 09:00:00
138,48,Add,2024-05-11 16:00:00
455,17,Remove,2024-11-25 08:00:00
103,16,Add,2024-11-13 12:00:00
387,30,Add,2024-06-19 09:00:00
391,32,Add,2024-01-24 04:00:00
9,14,Remove,2024-12-20 03:00:00
232,48,Add,2024-04-08 09:00:00
99,15,Remove,2024-11-28 04:00:00
218,12,Remove,2024-12-17 12:00:00
453,37,Add,2024-04-29 00:00:00
397,11,Remove,2024-07-21 02:00:00
237,5,Remove,2024-06-25 18:00:00
222,11,Remove,2024-11-28 15:00:00
168,34,Add,2024-08-02 19:00:00
370,19,Remove,2024-10-05 18:00:00
62,26,Remove,2024-10-12 05:00:00
318,26,Add,2024-03-11 14:00:00
487,17,Add,2024-06-06 04:00:00
10,31,Add,2024-10-30 05:00:00
234,19,Remove,2024-02-04 11:00:00
87,44,Add,2024-11-19 21:00:00
267,20,Add,2024-07-25 08:00:00
204,23,Remove,2024-03-06 05:00:00
318,25,Add,2024-09-26 08:00:00
333,28,Purchase,2024-06-05 09:00:00
360,37,Add,2024-06-02 17:00:00
241,12,Add,2024-09-16 04:00:00
56,48,Add,2024-11-08 22:00:00
110,1,Purchase,2024-11-04 05:00:00
49,2,Remove,2024-01-25 14:00:00
243,10,Purchase,2024-06-28 01:00:00
16,34,Remove,2024-12-15 22:00:00
73,32,Add,2024-05-03 03:00:00
372,25,Add,2024-06-04 00:00:00
202,10,Add,2024-11-23 20:00:00
93,50,Remove,2024-06-18 14:00:00
137,1,Purchase,2024-04-07 18:00:00
33,32,Add,2024-10-26 09:00:00
88,37,Remove,2024-06-20 20:00:00
419,12,Purchase,2024-03-24 08:00:00
203,49,Add,2024-08-19 01:00:00
39,18,Remove,2024-05-06 20:00:00
114,30,Add,2024-09-10 23:00:00
333,13,Remove,2024-11-07 06:00:00
247,3,Add,2024-11-02 07:00:00
343,21,Add,2024-07-02 12:00:00
409,42,Add,2024-11-09 20:00:00
370,14,Purchase,2024-08-14 04:00:00
208,40,Remove,2024-08-31 07:00:00
312,10,Add,2024-09-07 23:00:00
432,2,Purchase,2024-06-18 21:00:00
469,45,Remove,2024-05-11 13:00:00
394,37,Remove,2024-12-15 02:00:00
297,11,Add,2024-08-21 12:00:00
360,1,Add,2024-02-06 21:00:00
211,26,Remove,2024-03-15 18:00:00
355,42,Add,2024-07-06 16:00:00
59,13,Add,2024-05-18 14:00:00
156,28,Add,2024-04-17 16:00:00
122,36,Add,2024-12-11 23:00:00
120,21,Add,2024-01-05 03:00:00
297,10,Purchase,2024-02-25 23:00:00
322,12,Add,2024-08-09 07:00:00
435,46,Add,2024-02-17 15:00:00
62,27,Add,2024-06-11 11:00:00
158,3,Remove,2024-09-04 12:00:00
40,28,Remove,2024-04-09 20:00:00
242,2,Remove,2024-04-11 04:00:00
40,28,Add,2024-07-15 20:00:00
453,31,Add,2024-12-10 09:00:00
358,43,Remove,2024-07-29 17:00:00
190,21,Purchase,2024-02-27 01:00:00
234,7,Remove,2024-08-27 14:00:00
15,50,Add,2024-05-31 04:00:00
124,31,Add,2024-06-29 21:00:00
228,14,Add,2024-12-17 08:00:00
387,39,Remove,2024-05-12 04:00:00
280,39,Add,2024-05-01 08:00:00
425,9,Add,2024-12-19 06:00:00
447,23,Add,2024-12-11 00:00:00
48,12,Add,2024-11-03 01:00:00
189,29,Add,2024-10-08 11:00:00
304,38,Add,2024-11-21 19:00:00
47,39,Remove,2024-01-19 15:00:00
184,22,Add,2024-05-11 17:00:00
105,4,Add,2024-01-05 21:00:00
369,48,Add,2024-07-16 13:00:00
460,7,Add,2024-06-28 16:00:00
247,40,Remove,2024-09-30 20:00:00
264,8,Add,2024-05-17 22:00:00
206,35,Remove,2024-04-29 18:00:00
18,9,Add,2024-03-22 03:00:00
364,13,Remove,2024-06-28 14:00:00
251,39,Add,2024-07-16 05:00:00
238,20,Add,2024-04-08 08:00:00
340,21,Remove,2024-07-09 13:00:00
407,47,Add,2024-03-06 21:00:00
453,19,Add,2024-04-13 12:00:00
321,2,Remove,2024-06-27 04:00:00
365,44,Add,2024-06-23 03:00:00
302,40,Add,2024-06-12 17:00:00
66,30,Add,2024-01-19 19:00:00
336,23,Purchase,2024-10-13 08:00:00
453,40,Remove,2024-08-26 11:00:00
150,13,Add,2024-07-14 02:00:00
193,33,Add,2024-12-22 16:00:00
396,32,Add,2024-02-28 03:00:00
147,28,Add,2024-06-15 06:00:00
406,24,Remove,2024-03-29 14:00:00
183,42,Add,2024-09-19 14:00:00
106,28,Add,2024-04-25 03:00:00
236,30,Purchase,2024-12-19 21:00:00
126,41,Remove,2024-04-17 09:00:00
446,29,Remove,2024-02-16 16:00:00
179,34,Remove,2024-11-04 05:00:00
432,22,Remove,2024-09-01 12:00:00
401,25,Add,2024-03-02 13:00:00
13,14,Add,2024-07-07 23:00:00
231,10,Add,2024-03-18 14:00:00
28,10,Add,2024-05-17 00:00:00
379,8,Remove,2024-01-24 10:00:00
323,14,Add,2024-05-14 16:00:00
261,45,Add,2024-12-15 03:00:00
100,38,Add,2024-07-07 06:00:00
188,32,Add,2024-07-24 17:00:00
399,45,Remove,2024-11-01 23:00:00
337,32,Remove,2024-05-07 00:00:00
300,3,Add,2024-08-17 08:00:00
119,20,Add,2024-10-07 01:00:00
46,13,Remove,2024-11-07 19:00:00
413,23,Remove,2024-06-06 03:00:00
68,19,Add,2024-01-21 09:00:00
384,16,Purchase,2024-03-27 00:00:00
480,36,Purchase,2024-12-26 18:00:00
305,35,Purchase,2024-07-21 03:00:00
171,47,Remove,2024-01-23 04:00:00
358,47,Purchase,2024-11-04 16:00:00
196,50,Add,2024-09-30 16:00:00
333,7,Remove,2024-04-16 16:00:00
20,37,Purchase,2024-07-18 23:00:00
111,8,Purchase,2024-12-08 22:00:00
146,25,Remove,2024-01-02 06:00:00
192,23,Add,2024-05-28 19:00:00
433,10,Add,2024-05-31 20:00:00
371,30,Add,2024-06-14 19:00:00
426,33,Remove,2024-11-01 06:00:00
229,11,Add,2024-11-11 17:00:00
12,35,Add,2024-12-29 06:00:00
217,27,Add,2024-03-11 00:00:00
478,3,Remove,2024-06-05 09:00:00
79,47,Purchase,2024-09-22 11:00:00
375,49,Remove,2024-07-13 02:00:00
36,50,Remove,2024-04-18 05:00:00
264,8,Add,2024-01-27 02:00:00
28,13,Remove,2024-09-08 14:00:00
372,42,Add,2024-09-21 20:00:00
86,3,Add,2024-09-18 05:00:00
188,20,Purchase,2024-01-26 10:00:00
305,46,Remove,2024-01-19 15:00:00
254,45,Remove,2024-04-14 22:00:00
422,35,Add,2024-07-21 15:00:00
80,13,Add,2024-06-14 16:00:00
186,20,Add,2024-02-17 19:00:00
5,24,Add,2024-10-03 17:00:00
46,9,Add,2024-10-15 17:00:00
354,30,Add,2024-10-22 21:00:00
497,25,Add,2024-09-22 01:00:00
102,16,Remove,2024-11-24 23:00:00
459,8,Purchase,2024-02-05 10:00:00
2,44,Remove,2024-05-14 18:00:00
217,28,Remove,2024-09-28 18:00:00
25,12,Add,2024-06-07 18:00:00
257,24,Remove,2024-10-27 11:00:00
223,49,Add,2024-10-09 21:00:00
453,29,Add,2024-05-22 07:00:00
424,15,Add,2024-04-25 07:00:00
324,18,Add,2024-12-08 20:00:00
499,7,Remove,2024-09-28 15:00:00
69,13,Add,2024-08-01 16:00:00
197,19,Remove,2024-08-02 04:00:00
272,48,Purchase,2024-08-16 11:00:00
182,43,Add,2024-11-22 04:00:00
447,5,Add,2024-10-10 03:00:00
18,26,Remove,2024-08-11 05:00:00
107,2,Add,2024-10-28 08:00:00
17,33,Add,2024-04-09 10:00:00
125,48,Remove,2024-07-30 20:00:00
483,37,Purchase,2024-07-09 15:00:00
82,25,Remove,2024-03-03 15:00:00
4,25,Add,2024-05-22 02:00:00
115,39,Add,2024-09-21 00:00:00
351,30,Add,2024-03-15 21:00:00
351,41,Add,2024-07-16 23:00:00
137,4,Add,2024-10-19 17:00:00
287,19,Add,2024-05-19 06:00:00
389,27,Purchase,2024-12-24 08:00:00
228,47,Remove,2024-06-01 19:00:00
16,39,Remove,2024-08-19 08:00:00
298,24,Purchase,2024-04-15 11:00:00
425,50,Add,2024-05-09 09:00:00
464,37,Add,2024-06-09 16:00:00
212,25,Remove,2024-09-13 04:00:00
246,29,Purchase,2024-12-15 13:00:00
286,31,Add,2024-06-30 13:00:00
282,45,Add,2024-04-09 00:00:00
177,35,Remove,2024-12-23 06:00:00
31,28,Add,2024-02-22 05:00:00
50,38,Add,2024-03-30 23:00:00
143,44,Add,2024-02-02 07:00:00
52,50,Purchase,2024-02-13 10:00:00
233,50,Add,2024-10-16 01:00:00
166,4,Remove,2024-01-02 07:00:00
38,28,Add,2024-04-26 23:00:00
491,31,Add,2024-04-03 06:00:00
444,23,Purchase,2024-03-28 21:00:00
20,14,Add,2024-07-09 08:00:00
99,28,Add,2024-07-26 01:00:00
215,14,Add,2024-10-17 01:00:00
44,1,Remove,2024-10-04 18:00:00
111,43,Add,2024-11-10 16:00:00
487,32,Add,2024-02-21 20:00:00
89,41,Remove,2024-09-23 19:00:00
319,18,Add,2024-06-30 18:00:00
118,5,Add,2024-07-16 09:00:00
434,42,Remove,2024-09-26 00:00:00
406,15,Add,2024-04-11 12:00:00
239,42,Add,2024-10-08 13:00:00
72,16,Remove,2024-08-24 23:00:00
310,36,Purchase,2024-11-16 13:00:00
393,36,Add,2024-05-06 12:00:00
399,40,Add,2024-04-03 09:00:00
304,30,Remove,2024-05-07 09:00:00
404,38,Add,2024-09-12 05:00:00
163,23,Add,2024-02-16 04:00:00
251,11,Add,2024-09-12 08:00:00
357,25,Remove,2024-10-09 09:00:00
195,45,Add,2024-09-04 11:00:00
60,43,Remove,2024-03-26 03:00:00
98,2,Remove,2024-06-12 12:00:00
418,35,Add,2024-02-26 13:00:00
356,47,Add,2024-05-27 12:00:00
355,24,Purchase,2024-10-05 21:00:00
73,13,Add,2024-10-16 20:00:00
222,42,Add,2024-05-16 09:00:00
119,37,Remove,2024-01-10 19:00:00
182,30,Add,2024-02-14 19:00:00
384,11,Add,2024-09-05 00:00:00
218,23,Add,2024-06-25 12:00:00
256,46,Add,2024-01-17 12:00:00
396,28,Add,2024-09-29 18:00:00
88,29,Remove,2024-07-05 13:00:00
361,15,Purchase,2024-05-17 01:00:00
275,45,Add,2024-12-02 04:00:00
492,3,Add,2024-08-01 17:00:00
336,9,Add,2024-10-17 15:00:00
26,8,Add,2024-02-27 18:00:00
407,47,Add,2024-01-18 19:00:00
121,33,Add,2024-06-06 04:00:00
289,34,Purchase,2024-10-22 05:00:00
362,9,Add,2024-03-19 02:00:00
441,17,Add,2024-06-02 08:00:00
30,41,Add,2024-12-12 10:00:00
407,1,Add,2024-02-24 13:00:00
202,40,Remove,2024-08-02 08:00:00
382,5,Add,2024-04-15 14:00:00
36,30,Purchase,2024-09-01 18:00:00
125,11,Add,2024-04-12 18:00:00
223,28,Remove,2024-11-20 20:00:00
235,38,Purchase,2024-12-03 00:00:00
124,17,Add,2024-04-17 05:00:00
470,50,Add,2024-09-25 16:00:00
171,23,Remove,2024-03-13 20:00:00
491,18,Add,2024-09-24 23:00:00
486,37,Remove,2024-03-08 06:00:00
495,27,Add,2024-12-13 04:00:00
450,25,Add,2024-07-15 06:00:00
181,5,Add,2024-02-01 16:00:00
215,19,Purchase,2024-04-17 14:00:00
118,27,Add,2024-09-15 16:00:00
227,13,Add,2024-06-23 14:00:00
379,7,Add,2024-01-15 18:00:00
444,26,Add,2024-04-16 17:00:00
37,14,Add,2024-07-20 20:00:00
317,27,Add,2024-08-05 08:00:00
96,8,Remove,2024-09-15 00:00:00
120,31,Remove,2024-07-21 15:00:00
491,35,Add,2024-04-08 20:00:00
437,27,Add,2024-04-14 10:00:00
12,4,Add,2024-04-04 16:00:00
122,42,Remove,2024-03-05 08:00:00
35,4,Add,2024-08-11 02:00:00
489,18,Add,2024-09-11 09:00:00
251,23,Add,2024-03-09 10:00:00
67,32,Remove,2024-04-10 11:00:00
482,12,Purchase,2024-07-24 11:00:00
38,20,Add,2024-11-02 08:00:00
280,47,Add,2024-02-29 06:00:00
230,45,Add,2024-12-01 06:00:00
337,12,Add,2024-01-14 07:00:00
168,8,Add,2024-01-27 20:00:00
449,22,Purchase,2024-02-19 02:00:00
441,27,Add,2024-06-03 01:00:00
328,41,Remove,2024-01-26 04:00:00
246,41,Add,2024-03-26 08:00:00
79,17,Remove,2024-07-18 09:00:00
114,32,Add,2024-10-01 00:00:00
301,33,Add,2024-09-14 02:00:00
217,31,Purchase,2024-08-07 13:00:00
200,6,Add,2024-01-15 20:00:00
381,39,Add,2024-11-29 07:00:00
500,9,Remove,2024-03-22 21:00:00
352,42,Add,2024-04-22 06:00:00
242,32,Add,2024-10-02 00:00:00
13,36,Remove,2024-11-24 08:00:00
366,16,Purchase,2024-08-22 18:00:00
207,12,Remove,2024-06-14 06:00:00
262,41,Add,2024-08-08 14:00:00
97,3,Remove,2024-03-24 05:00:00
71,27,Remove,2024-10-23 14:00:00
481,27,Remove,2024-06-02 21:00:00
303,9,Remove,2024-04-28 05:00:00
349,17,Add,2024-09-29 05:00:00
230,46,Add,2024-05-07 08:00:00
357,5,Remove,2024-08-14 13:00:00
300,26,Purchase,2024-05-13 03:00:00
32,21,Add,2024-01-16 22:00:00
250,1,Purchase,2024-04-21 22:00:00
254,1,Purchase,2024-06-05 08:00:00
259,35,Purchase,2024-11-13 07:00:00
182,9,Purchase,2024-10-22 05:00:00
340,23,Remove,2024-02-27 13:00:00
462,38,Remove,2024-03-18 17:00:00
476,41,Remove,2024-04-08 05:00:00
166,4,Add,2024-10-05 19:00:00
4,19,Add,2024-09-29 19:00:00
463,37,Add,2024-04-21 05:00:00
145,5,Add,2024-12-25 12:00:00
165,28,Add,2024-06-21 19:00:00
344,46,Purchase,2024-04-26 22:00:00
486,42,Remove,2024-02-23 02:00:00
362,48,Add,2024-04-18 06:00:00
105,23,Remove,2024-11-15 19:00:00
36,38,Add,2024-08-16 10:00:00
314,23,Add,2024-03-27 17:00:00
169,46,Remove,2024-08-15 19:00:00
8,18,Add,2024-11-05 06:00:00
451,29,Remove,2024-08-15 09:00:00
414,28,Add,2024-04-22 04:00:00
86,9,Add,2024-10-31 02:00:00
436,39,Remove,2024-04-14 02:00:00
97,50,Add,2024-10-17 08:00:00
409,10,Purchase,2024-06-13 23:00:00
436,2,Add,2024-04-15 14:00:00
315,13,Add,2024-03-29 11:00:00
30,38,Purchase,2024-08-17 06:00:00
101,27,Purchase,2024-03-11 22:00:00
67,41,Add,2024-12-16 17:00:00
388,20,Add,2024-11-01 06:00:00
349,40,Remove,2024-07-20 15:00:00
441,10,Add,2024-01-23 22:00:00
63,16,Add,2024-04-02 07:00:00
32,15,Remove,2024-10-11 10:00:00
87,13,Add,2024-11-04 05:00:00
211,50,Add,2024-08-08 23:00:00
463,38,Add,2024-07-20 18:00:00
51,20,Purchase,2024-05-03 13:00:00
63,24,Remove,2024-02-21 05:00:00
80,41,Remove,2024-09-16 19:00:00
343,50,Add,2024-07-25 04:00:00
232,7,Add,2024-10-30 06:00:00
366,23,Add,2024-12-13 01:00:00
101,24,Add,2024-01-13 01:00:00
129,29,Add,2024-11-11 08:00:00
19,5,Add,2024-10-14 19:00:00
357,43,Remove,2024-05-12 02:00:00
419,45,Remove,2024-11-17 13:00:00
447,35,Add,2024-09-06 07:00:00
94,1,Remove,2024-06-28 11:00:00
81,36,Remove,2024-06-25 15:00:00
103,18,Add,2024-06-14 05:00:00
369,6,Add,2024-08-13 07:00:00
154,23,Remove,2024-07-05 22:00:00
269,10,Add,2024-01-02 16:00:00
118,7,Add,2024-02-28 23:00:00
342,44,Add,2024-08-10 15:00:00
494,8,Add,2024-02-27 17:00:00
279,13,Purchase,2024-07-31 05:00:00
492,30,Remove,2024-06-02 16:00:00
363,18,Add,2024-02-15 09:00:00
225,14,Purchase,2024-11-01 10:00:00
475,11,Remove,2024-04-27 15:00:00
419,42,Remove,2024-03-08 18:00:00
268,38,Add,2024-08-17 07:00:00
137,13,Add,2024-05-25 18:00:00
226,42,Add,2024-07-04 06:00:00
334,44,Add,2024-05-24 02:00:00
229,33,Add,2024-05-22 03:00:00
323,50,Add,2024-01-26 15:00:00
108,13,Add,2024-01-14 16:00:00
300,25,Add,2024-09-21 06:00:00
445,24,Remove,2024-08-06 22:00:00
405,29,Add,2024-04-17 11:00:00
7,36,Remove,2024-12-12 09:00:00
128,6,Remove,2024-09-13 08:00:00
353,18,Add,2024-10-06 01:00:00
483,28,Add,2024-02-05 03:00:00
267,5,Purchase,2024-03-27 02:00:00
173,18,Add,2024-09-20 06:00:00
416,37,Remove,2024-02-27 11:00:00
214,7,Remove,2024-06-20 03:00:00
247,9,Add,2024-01-25 05:00:00
106,35,Add,2024-03-07 06:00:00
83,12,Add,2024-04-27 23:00:00
292,46,Remove,2024-01-06 00:00:00
374,40,Remove,2024-03-12 00:00:00
421,44,Purchase,2024-09-14 05:00:00
203,39,Add,2024-10-22 23:00:00
41,24,Add,2024-04-12 06:00:00
205,9,Add,2024-08-03 20:00:00
348,12,Purchase,2024-04-24 17:00:00
49,36,Add,2024-10-17 10:00:00
143,37,Add,2024-11-18 22:00:00
141,9,Purchase,2024-07-09 22:00:00
53,39,Add,2024-08-01 09:00:00
107,46,Add,2024-07-12 16:00:00
33,22,Add,2024-02-10 17:00:00
200,17,Add,2024-01-20 08:00:00
119,33,Purchase,2024-11-08 10:00:00
288,47,Add,2024-03-18 17:00:00
229,24,Add,2024-01-18 11:00:00
118,15,Add,2024-11-14 07:00:00
176,29,Add,2024-12-14 07:00:00
452,32,Add,2024-10-08 07:00:00
185,33,Add,2024-09-08 19:00:00
318,29,Remove,2024-08-26 07:00:00
499,15,Add,2024-09-25 22:00:00
338,27,Remove,2024-10-08 05:00:00
215,34,Add,2024-12-02 03:00:00
221,4,Remove,2024-12-10 06:00:00
130,49,Add,2024-09-29 21:00:00
333,48,Add,2024-05-07 21:00:00
272,18,Purchase,2024-04-01 17:00:00
246,21,Add,2024-01-06 09:00:00
123,48,Add,2024-02-25 06:00:00
8,8,Add,2024-11-05 13:00:00
403,6,Add,2024-01-22 08:00:00
416,20,Add,2024-12-11 09:00:00
67,2,Add,2024-09-14 02:00:00
115,45,Remove,2024-02-17 09:00:00
369,22,Remove,2024-05-18 09:00:00
288,21,Remove,2024-05-19 13:00:00
105,6,Add,2024-10-12 08:00:00
469,32,Add,2024-11-11 12:00:00
25,6,Remove,2024-06-06 05:00:00
53,13,Add,2024-03-15 00:00:00
247,1,Remove,2024-06-23 06:00:00
337,22,Add,2024-03-13 15:00:00
281,24,Add,2024-12-28 16:00:00
33,41,Remove,2024-05-13 14:00:00
287,30,Remove,2024-04-04 08:00:00
36,22,Remove,2024-06-08 18:00:00
343,44,Remove,2024-06-20 05:00:00
379,12,Remove,2024-11-14 11:00:00
239,26,Add,2024-11-09 14:00:00
492,4,Purchase,2024-05-24 06:00:00
217,19,Remove,2024-11-14 20:00:00
177,16,Remove,2024-07-03 10:00:00
44,12,Add,2024-06-10 20:00:00
304,33,Purchase,2024-12-03 15:00:00
158,21,Add,2024-07-06 10:00:00
269,36,Add,2024-07-19 06:00:00
171,9,Add,2024-01-04 15:00:00
495,39,Add,2024-07-24 10:00:00
221,42,Add,2024-04-03 07:00:00
400,45,Remove,2024-12-28 19:00:00
230,8,Remove,2024-06-08 16:00:00
91,20,Add,2024-09-08 18:00:00
410,10,Remove,2024-06-15 15:00:00
459,32,Add,2024-05-17 08:00:00
431,28,Add,2024-07-28 08:00:00
421,10,Add,2024-08-01 09:00:00
131,8,Remove,2024-12-25 22:00:00
410,47,Add,2024-08-22 12:00:00
226,33,Add,2024-08-03 12:00:00
225,47,Add,2024-10-30 12:00:00
143,49,Remove,2024-12-10 11:00:00
66,13,Remove,2024-12-14 15:00:00
28,44,Add,2024-11-15 07:00:00
125,35,Add,2024-04-29 07:00:00
212,29,Remove,2024-04-07 17:00:00
422,5,Remove,2024-02-01 16:00:00
428,3,Add,2024-11-25 01:00:00
437,37,Remove,2024-08-02 18:00:00
80,41,Purchase,2024-12-05 19:00:00
238,6,Add,2024-06-28 01:00:00
132,48,Add,2024-07-05 05:00:00
328,42,Add,2024-12-02 11:00:00
300,16,Remove,2024-05-05 04:00:00
119,35,Add,2024-07-12 08:00:00
46,18,Add,2024-02-03 21:00:00
84,11,Remove,2024-10-02 13:00:00
282,23,Remove,2024-06-30 14:00:00
352,47,Add,2024-11-17 17:00:00
13,11,Add,2024-02-13 06:00:00
125,29,Add,2024-10-30 18:00:00
325,42,Remove,2024-10-17 14:00:00
172,27,Remove,2024-10-21 07:00:00
234,9,Add,2024-09-15 18:00:00
181,35,Add,2024-08-02 18:00:00
51,9,Remove,2024-08-18 18:00:00
269,18,Add,2024-01-05 22:00:00
169,44,Remove,2024-09-25 01:00:00
395,21,Add,2024-08-03 17:00:00
421,48,Remove,2024-11-19 03:00:00
316,36,Add,2024-06-19 00:00:00
288,1,Add,2024-09-08 08:00:00
429,27,Add,2024-02-07 03:00:00
490,45,Remove,2024-05-04 21:00:00
274,40,Add,2024-10-11 08:00:00
349,38,Add,2024-04-17 03:00:00
207,29,Purchase,2024-04-13 16:00:00
148,40,Purchase,2024-09-02 04:00:00
300,19,Purchase,2024-07-10 02:00:00
420,24,Add,2024-05-11 07:00:00
453,44,Remove,2024-05-23 10:00:00
488,1,Add,2024-08-06 01:00:00
37,36,Add,2024-07-18 06:00:00
161,23,Add,2024-07-11 01:00:00
466,13,Add,2024-09-03 12:00:00
383,30,Add,2024-01-03 01:00:00
275,49,Add,2024-12-01 00:00:00
435,37,Remove,2024-03-04 06:00:00
288,11,Add,2024-10-17 21:00:00
106,7,Add,2024-06-24 23:00:00
22,35,Add,2024-09-18 13:00:00
233,11,Purchase,2024-04-27 22:00:00
122,49,Add,2024-12-06 18:00:00
129,43,Add,2024-08-01 00:00:00
310,47,Add,2024-05-28 12:00:00
217,40,Remove,2024-10-02 08:00:00
148,48,Add,2024-01-29 10:00:00
58,21,Add,2024-08-12 12:00:00
419,47,Add,2024-08-31 00:00:00
237,3,Remove,2024-05-10 19:00:00
70,30,Add,2024-03-21 04:00:00
454,24,Remove,2024-10-20 16:00:00
189,38,Add,2024-08-22 12:00:00
242,3,Purchase,2024-08-08 09:00:00
63,37,Add,2024-02-15 12:00:00
485,33,Remove,2024-01-31 03:00:00
241,22,Add,2024-04-25 16:00:00
445,31,Add,2024-05-25 10:00:00
185,46,Add,2024-12-27 20:00:00
259,12,Remove,2024-02-20 08:00:00
229,45,Purchase,2024-12-22 00:00:00
223,14,Add,2024-12-22 02:00:00
99,12,Remove,2024-03-23 05:00:00
247,27,Add,2024-09-24 11:00:00
45,13,Purchase,2024-03-21 01:00:00
399,24,Add,2024-11-04 13:00:00
273,38,Add,2024-08-23 12:00:00
399,47,Add,2024-02-06 04:00:00
5,48,Remove,2024-05-24 04:00:00
470,9,Remove,2024-02-25 18:00:00
430,8,Add,2024-09-16 06:00:00
11,37,Add,2024-10-31 10:00:00
448,15,Add,2024-02-07 12:00:00
348,7,Add,2024-04-17 04:00:00
398,24,Add,2024-07-02 09:00:00
39,49,Add,2024-09-06 12:00:00
451,16,Add,2024-06-11 16:00:00
439,24,Remove,2024-09-10 17:00:00
500,43,Remove,2024-08-16 15:00:00
42,7,Add,2024-10-12 22:00:00
203,43,Remove,2024-01-16 10:00:00
94,28,Add,2024-09-16 08:00:00
486,2,Remove,2024-01-04 02:00:00
5,34,Add,2024-09-07 20:00:00
52,38,Remove,2024-03-03 03:00:00
150,3,Add,2024-11-17 18:00:00
205,1,Add,2024-10-21 01:00:00
300,31,Remove,2024-06-26 07:00:00
499,23,Add,2024-11-23 09:00:00
371,20,Add,2024-08-29 21:00:00
469,16,Remove,2024-03-31 10:00:00
187,46,Remove,2024-06-03 22:00:00
485,32,Add,2024-08-07 07:00:00
153,17,Add,2024-04-30 13:00:00
383,18,Add,2024-10-06 18:00:00
116,4,Remove,2024-06-16 18:00:00
149,35,Add,2024-09-02 03:00:00
220,40,Remove,2024-10-06 09:00:00
192,36,Add,2024-01-22 09:00:00
233,23,Add,2024-03-08 07:00:00
324,15,Add,2024-08-18 14:00:00
221,13,Add,2024-09-20 09:00:00
47,14,Remove,2024-10-17 08:00:00
127,14,Add,2024-02-17 13:00:00
291,37,Purchase,2024-04-05 06:00:00
215,5,Add,2024-02-13 00:00:00
7,22,Add,2024-08-27 02:00:00
184,28,Add,2024-10-09 00:00:00
116,45,Remove,2024-03-10 01:00:00
52,4,Remove,2024-11-22 07:00:00
366,50,Add,2024-12-01 21:00:00
46,38,Purchase,2024-06-29 09:00:00
393,29,Add,2024-03-08 23:00:00
442,37,Remove,2024-12-02 07:00:00
23,35,Remove,2024-12-08 06:00:00
131,20,Remove,2024-06-08 23:00:00
127,35,Purchase,2024-09-13 14:00:00
445,35,Remove,2024-02-16 18:00:00
265,20,Purchase,2024-02-05 05:00:00
309,2,Add,2024-02-11 11:00:00
196,18,Add,2024-03-30 03:00:00
433,30,Remove,2024-03-10 13:00:00
473,42,Remove,2024-12-16 21:00:00
454,29,Add,2024-10-03 14:00:00
48,39,Add,2024-07-13 04:00:00
379,22,Remove,2024-02-14 14:00:00
82,29,Purchase,2024-07-27 05:00:00
109,46,Add,2024-06-26 02:00:00
263,10,Add,2024-09-06 08:00:00
355,20,Add,2024-11-23 19:00:00
31,16,Add,2024-01-11 23:00:00
358,6,Remove,2024-08-22 07:00:00
56,17,Purchase,2024-09-10 21:00:00
480,6,Add,2024-05-08 01:00:00
355,22,Add,2024-01-20 03:00:00
189,18,Remove,2024-10-16 01:00:00
476,32,Add,2024-05-20 21:00:00
492,28,Add,2024-11-04 19:00:00
5,42,Remove,2024-05-13 03:00:00
286,10,Remove,2024-06-01 14:00:00
278,41,Add,2024-07-01 02:00:00
145,22,Remove,2024-10-10 03:00:00
394,28,Add,2024-06-14 01:00:00
455,15,Add,2024-12-05 12:00:00
196,43,Add,2024-04-20 04:00:00
426,29,Add,2024-07-06 23:00:00
27,7,Add,2024-12-23 16:00:00
127,50,Add,2024-07-03 00:00:00
135,34,Remove,2024-07-12 00:00:00
23,32,Remove,2024-12-25 03:00:00
331,2,Add,2024-12-03 22:00:00
117,26,Add,2024-11-24 14:00:00
392,45,Add,2024-05-23 20:00:00
8,11,Add,2024-12-15 02:00:00
101,25,Add,2024-12-18 23:00:00
261,19,Remove,2024-05-13 04:00:00
199,20,Add,2024-02-06 03:00:00
86,33,Add,2024-07-31 11:00:00
228,17,Add,2024-04-19 22:00:00
386,30,Add,2024-03-18 10:00:00
472,18,Purchase,2024-10-24 09:00:00
179,32,Add,2024-05-04 08:00:00
450,40,Add,2024-11-09 01:00:00
240,45,Remove,2024-11-29 06:00:00
12,4,Add,2024-07-30 07:00:00
303,32,Add,2024-07-02 19:00:00
234,19,Remove,2024-06-12 04:00:00
183,3,Remove,2024-09-25 06:00:00
282,38,Add,2024-12-23 16:00:00
358,28,Add,2024-09-18 18:00:00
376,38,Remove,2024-04-14 20:00:00
429,6,Add,2024-01-28 14:00:00
190,40,Add,2024-11-08 22:00:00
326,17,Add,2024-03-19 00:00:00
215,42,Add,2024-06-16 22:00:00
258,5,Add,2024-08-15 21:00:00
26,19,Add,2024-10-24 15:00:00
270,43,Remove,2024-09-16 07:00:00
82,42,Add,2024-06-12 09:00:00
358,35,Add,2024-04-25 03:00:00
185,22,Add,2024-09-28 11:00:00
288,24,Remove,2024-07-20 10:00:00
62,10,Add,2024-06-10 15:00:00
371,2,Add,2024-02-24 18:00:00
462,28,Add,2024-09-16 16:00:00
30,41,Add,2024-02-13 15:00:00
397,37,Purchase,2024-12-20 01:00:00
424,17,Add,2024-01-26 06:00:00
31,6,Add,2024-07-16 00:00:00
293,43,Remove,2024-08-26 11:00:00
173,5,Add,2024-02-14 07:00:00
102,39,Add,2024-01-09 00:00:00
128,7,Add,2024-11-22 17:00:00
86,32,Remove,2024-02-23 07:00:00
315,4,Add,2024-05-31 09:00:00
28,21,Add,2024-02-09 11:00:00
122,42,Add,2024-09-24 21:00:00
251,32,Add,2024-10-04 02:00:00
61,18,Remove,2024-03-22 04:00:00
403,33,Remove,2024-02-21 20:00:00
171,14,Remove,2024-02-28 05:00:00
443,6,Remove,2024-10-02 13:00:00
272,11,Purchase,2024-10-02 23:00:00
325,46,Add,2024-12-22 13:00:00
300,20,Add,2024-01-30 10:00:00
113,29,Add,2024-10-23 19:00:00
194,35,Add,2024-11-22 04:00:00
394,16,Add,2024-04-04 14:00:00
431,48,Add,2024-11-28 11:00:00
19,7,Add,2024-03-19 23:00:00
340,40,Add,2024-09-06 18:00:00
93,36,Purchase,2024-02-26 23:00:00
217,44,Add,2024-05-26 09:00:00
465,44,Add,2024-01-17 15:00:00
179,31,Remove,2024-07-15 03:00:00
499,42,Add,2024-09-04 21:00:00
397,44,Add,2024-07-20 20:00:00
191,43,Add,2024-08-04 05:00:00
493,43,Remove,2024-06-06 10:00:00
400,47,Remove,2024-09-07 15:00:00
437,6,Add,2024-02-15 18:00:00
163,29,Add,2024-12-07 03:00:00
100,27,Add,2024-08-16 21:00:00
187,43,Add,2024-03-23 16:00:00
295,2,Purchase,2024-02-19 07:00:00
67,22,Remove,2024-04-09 22:00:00
73,9,Add,2024-08-07 10:00:00
232,11,Remove,2024-01-14 12:00:00
189,16,Add,2024-12-09 15:00:00
50,45,Purchase,2024-06-20 08:00:00
309,13,Remove,2024-11-14 06:00:00
302,18,Add,2024-04-15 16:00:00
308,25,Remove,2024-02-19 06:00:00
124,33,Add,2024-08-14 14:00:00
157,10,Add,2024-09-28 20:00:00
261,30,Remove,2024-01-17 12:00:00
195,49,Add,2024-12-11 02:00:00
330,1,Add,2024-09-07 19:00:00
351,33,Remove,2024-03-24 22:00:00
331,49,Remove,2024-07-15 08:00:00
256,15,Add,2024-01-18 10:00:00
465,29,Add,2024-08-22 15:00:00
424,2,Add,2024-03-12 01:00:00
489,11,Add,2024-01-23 20:00:00
200,34,Remove,2024-10-20 03:00:00
372,41,Add,2024-03-25 04:00:00
386,19,Add,2024-09-24 15:00:00
68,2,Add,2024-04-25 20:00:00
446,48,Add,2024-08-25 13:00:00
80,20,Remove,2024-02-21 19:00:00
233,41,Add,2024-04-20 07:00:00
186,31,Add,2024-08-06 04:00:00
105,4,Remove,2024-11-12 08:00:00
469,29,Add,2024-01-21 15:00:00
325,30,Add,2024-02-25 02:00:00
442,13,Add,2024-10-26 06:00:00
419,15,Add,2024-05-22 14:00:00
142,20,Add,2024-08-13 07:00:00
399,34,Add,2024-05-03 21:00:00
390,28,Add,2024-04-10 02:00:00
272,20,Remove,2024-12-15 00:00:00
343,50,Add,2024-09-10 15:00:00
124,25,Remove,2024-10-24 09:00:00
223,27,Remove,2024-10-25 11:00:00
490,30,Add,2024-05-06 07:00:00
174,41,Add,2024-07-05 04:00:00
191,20,Add,2024-11-24 10:00:00
140,1,Add,2024-10-29 22:00:00
297,35,Purchase,2024-12-02 10:00:00
119,49,Add,2024-11-28 16:00:00
275,43,Remove,2024-08-02 06:00:00
76,24,Remove,2024-03-13 17:00:00
109,25,Add,2024-11-06 17:00:00
119,40,Add,2024-04-03 09:00:00
461,12,Add,2024-08-23 17:00:00
369,11,Remove,2024-07-31 08:00:00
258,30,Remove,2024-02-10 09:00:00
20,13,Add,2024-10-15 10:00:00
119,47,Add,2024-09-26 22:00:00
351,25,Add,2024-11-09 09:00:00
137,25,Remove,2024-01-28 13:00:00
277,17,Purchase,2024-03-14 16:00:00
255,12,Add,2024-06-10 21:00:00
264,11,Add,2024-09-26 17:00:00
167,10,Add,2024-07-29 23:00:00
165,17,Add,2024-08-10 07:00:00
29,45,Remove,2024-03-10 19:00:00
467,16,Add,2024-04-30 12:00:00
35,20,Remove,2024-02-03 21:00:00
237,49,Add,2024-03-11 00:00:00
294,5,Add,2024-09-18 15:00:00
90,41,Add,2024-04-18 22:00:00
203,32,Remove,2024-05-25 13:00:00
228,27,Remove,2024-11-01 03:00:00
419,4,Add,2024-09-27 04:00:00
68,41,Add,2024-02-22 13:00:00
131,48,Add,2024-02-17 14:00:00
365,7,Add,2024-01-11 01:00:00
111,46,Remove,2024-12-08 23:00:00
12,14,Add,2024-07-28 03:00:00
288,39,Add,2024-11-30 11:00:00
175,24,Remove,2024-09-07 02:00:00
319,48,Add,2024-06-08 03:00:00
154,18,Add,2024-05-28 15:00:00
43,38,Add,2024-07-16 01:00:00
363,39,Remove,2024-09-02 08:00:00
205,40,Add,2024-07-22 11:00:00
172,1,Add,2024-11-10 23:00:00
294,17,Remove,2024-11-14 13:00:00
285,26,Add,2024-08-28 08:00:00
311,22,Remove,2024-03-16 09:00:00
52,39,Purchase,2024-12-28 01:00:00
115,18,Remove,2024-04-04 15:00:00
19,38,Remove,2024-02-28 00:00:00
35,28,Add,2024-12-07 00:00:00
48,21,Add,2024-10-13 21:00:00
233,38,Remove,2024-08-13 11:00:00
219,33,Add,2024-07-05 22:00:00
110,30,Add,2024-10-10 19:00:00
254,42,Remove,2024-11-27 22:00:00
188,8,Add,2024-05-08 10:00:00
31,30,Add,2024-04-04 01:00:00
259,39,Remove,2024-06-25 05:00:00
163,9,Remove,2024-10-01 05:00:00
344,33,Remove,2024-01-19 19:00:00
308,43,Remove,2024-11-15 16:00:00
71,29,Remove,2024-07-16 14:00:00
307,31,Remove,2024-02-10 01:00:00
56,3,Add,2024-09-17 20:00:00
99,50,Remove,2024-01-23 04:00:00
21,38,Add,2024-08-23 09:00:00
385,11,Add,2024-11-19 11:00:00
108,5,Add,2024-11-11 17:00:00
53,31,Add,2024-11-20 12:00:00
6,20,Add,2024-08-15 08:00:00
231,4,Add,2024-05-25 02:00:00
482,8,Add,2024-08-10 23:00:00
82,42,Add,2024-06-17 11:00:00
446,35,Add,2024-09-06 09:00:00
217,13,Remove,2024-01-10 08:00:00
335,49,Remove,2024-04-15 08:00:00
47,5,Remove,2024-01-01 21:00:00
352,40,Add,2024-10-28 12:00:00
362,19,Remove,2024-08-17 13:00:00
241,18,Add,2024-08-19 22:00:00
178,33,Add,2024-07-01 17:00:00
82,4,Remove,2024-11-12 19:00:00
287,18,Remove,2024-03-04 11:00:00
192,46,Remove,2024-08-06 10:00:00
413,24,Remove,2024-09-03 03:00:00
143,43,Add,2024-02-26 12:00:00
314,29,Remove,2024-03-26 12:00:00
279,31,Remove,2024-02-07 21:00:00
422,28,Remove,2024-06-12 20:00:00
41,9,Remove,2024-11-18 14:00:00
459,45,Add,2024-09-23 01:00:00
271,26,Add,2024-03-27 16:00:00
87,49,Add,2024-05-01 22:00:00
3,47,Add,2024-04-07 20:00:00
211,2,Add,2024-10-15 04:00:00
1,6,Add,2024-12-02 00:00:00
472,29,Purchase,2024-07-17 02:00:00
497,26,Remove,2024-12-11 15:00:00
75,28,Remove,2024-07-26 11:00:00
478,7,Add,2024-04-30 13:00:00
498,34,Add,2024-12-12 15:00:00
395,45,Remove,2024-05-24 11:00:00
444,10,Add,2024-05-11 16:00:00
231,48,Remove,2024-12-18 20:00:00
449,41,Purchase,2024-07-27 10:00:00
76,40,Add,2024-08-30 22:00:00
260,47,Remove,2024-06-06 17:00:00
25,22,Add,2024-12-05 01:00:00
200,27,Remove,2024-08-20 08:00:00
463,39,Add,2024-06-20 12:00:00
427,22,Add,2024-09-28 12:00:00
94,19,Remove,2024-05-30 13:00:00
424,36,Remove,2024-08-18 01:00:00
352,9,Remove,2024-05-07 23:00:00
108,19,Add,2024-10-06 04:00:00
355,2,Remove,2024-01-29 19:00:00
469,28,Remove,2024-10-24 17:00:00
95,39,Purchase,2024-05-10 12:00:00
356,22,Remove,2024-09-25 09:00:00
91,6,Remove,2024-06-05 01:00:00
44,47,Remove,2024-02-28 15:00:00
456,7,Add,2024-09-16 18:00:00
443,6,Add,2024-05-12 06:00:00
384,33,Add,2024-10-23 04:00:00
23,14,Remove,2024-05-15 01:00:00
190,1,Remove,2024-07-02 19:00:00
23,25,Remove,2024-11-03 06:00:00
234,6,Add,2024-07-07 03:00:00
186,28,Add,2024-10-29 17:00:00
311,18,Add,2024-11-17 13:00:00
417,27,Add,2024-05-12 11:00:00
333,49,Add,2024-09-06 17:00:00
63,2,Purchase,2024-08-10 21:00:00
103,40,Add,2024-06-20 23:00:00
500,21,Add,2024-11-14 00:00:00
316,23,Add,2024-07-09 06:00:00
483,2,Purchase,2024-09-21 19:00:00
189,16,Remove,2024-03-19 22:00:00
336,4,Add,2024-12-30 21:00:00
460,34,Purchase,2024-02-05 09:00:00
189,5,Add,2024-06-04 23:00:00
351,49,Add,2024-12-20 23:00:00
69,34,Add,2024-09-17 03:00:00
114,22,Add,2024-01-15 22:00:00
104,46,Remove,2024-04-12 21:00:00
108,20,Purchase,2024-02-26 15:00:00
345,39,Remove,2024-02-04 13:00:00
21,47,Add,2024-02-02 06:00:00
387,50,Add,2024-08-13 09:00:00
432,13,Add,2024-08-03 15:00:00
266,44,Add,2024-02-13 17:00:00
343,34,Add,2024-11-14 16:00:00
209,44,Add,2024-07-18 20:00:00
170,6,Remove,2024-02-10 18:00:00
483,29,Remove,2024-12-19 06:00:00
473,33,Add,2024-12-28 22:00:00
194,1,Add,2024-09-25 09:00:00
347,47,Add,2024-06-29 06:00:00
430,48,Add,2024-03-10 11:00:00
393,7,Add,2024-10-02 08:00:00
123,22,Add,2024-08-21 12:00:00
177,32,Remove,2024-11-14 07:00:00
4,14,Remove,2024-06-02 05:00:00
188,24,Add,2024-12-13 02:00:00
346,19,Remove,2024-12-29 08:00:00
352,27,Add,2024-12-28 05:00:00
29,23,Remove,2024-05-09 06:00:00
86,45,Add,2024-04-14 18:00:00
47,21,Add,2024-02-19 11:00:00
77,44,Add,2024-06-29 10:00:00
343,29,Add,2024-09-22 22:00:00
191,1,Add,2024-12-20 11:00:00
31,31,Purchase,2024-03-08 09:00:00
307,27,Remove,2024-11-17 11:00:00
169,44,Add,2024-10-10 10:00:00
36,36,Add,2024-04-20 13:00:00
245,27,Remove,2024-07-04 11:00:00
424,15,Remove,2024-04-02 01:00:00
351,25,Remove,2024-07-01 01:00:00
188,48,Add,2024-10-29 21:00:00
15,15,Remove,2024-10-08 19:00:00
334,40,Remove,2024-01-01 00:00:00
483,19,Add,2024-04-06 22:00:00
216,47,Add,2024-11-26 11:00:00
158,50,Remove,2024-01-15 13:00:00
414,11,Remove,2024-11-06 00:00:00
155,41,Add,2024-10-15 05:00:00
241,33,Purchase,2024-11-07 22:00:00
296,41,Add,2024-02-23 02:00:00
462,23,Add,2024-10-28 22:00:00
45,12,Add,2024-05-13 07:00:00
495,2,Purchase,2024-08-31 14:00:00
459,43,Add,2024-01-17 22:00:00
175,21,Add,2024-08-20 15:00:00
492,14,Add,2024-12-17 00:00:00
346,34,Add,2024-07-04 15:00:00
56,15,Remove,2024-03-23 22:00:00
54,21,Add,2024-03-02 16:00:00
341,23,Remove,2024-12-23 13:00:00
265,21,Purchase,2024-05-28 13:00:00
374,50,Add,2024-11-06 06:00:00
239,14,Remove,2024-06-18 15:00:00
321,21,Add,2024-04-12 19:00:00
108,12,Add,2024-05-13 05:00:00
198,42,Remove,2024-07-03 21:00:00
385,46,Remove,2024-02-29 16:00:00
214,47,Add,2024-06-16 01:00:00
499,5,Add,2024-05-03 20:00:00
246,2,Purchase,2024-06-30 06:00:00
397,22,Remove,2024-02-13 19:00:00
38,6,Add,2024-07-13 03:00:00
497,44,Add,2024-02-26 10:00:00
173,2,Add,2024-10-26 18:00:00
105,29,Add,2024-03-23 10:00:00
40,36,Add,2024-11-28 23:00:00
479,7,Add,2024-06-09 05:00:00
399,16,Add,2024-04-21 01:00:00
434,33,Remove,2024-04-19 23:00:00
130,33,Add,2024-10-05 17:00:00
181,14,Add,2024-05-27 17:00:00
479,43,Add,2024-08-09 14:00:00
410,12,Add,2024-10-12 03:00:00
194,43,Add,2024-11-15 00:00:00
331,6,Remove,2024-01-08 19:00:00
289,12,Add,2024-05-21 10:00:00
466,31,Add,2024-11-10 23:00:00
341,12,Add,2024-03-28 13:00:00
59,10,Add,2024-01-28 15:00:00
351,40,Add,2024-10-24 06:00:00
26,27,Add,2024-09-28 03:00:00
478,7,Add,2024-07-22 01:00:00
103,46,Remove,2024-10-20 19:00:00
21,36,Purchase,2024-10-04 15:00:00
433,33,Add,2024-12-09 02:00:00
80,27,Remove,2024-09-13 20:00:00
327,8,Remove,2024-07-10 11:00:00
470,5,Purchase,2024-02-16 18:00:00
199,8,Add,2024-07-09 18:00:00
322,40,Remove,2024-02-10 20:00:00
37,21,Purchase,2024-07-12 01:00:00
14,24,Add,2024-02-12 15:00:00
456,7,Add,2024-01-26 02:00:00
221,19,Purchase,2024-03-01 22:00:00
364,31,Remove,2024-11-13 00:00:00
391,36,Add,2024-03-22 13:00:00
166,27,Remove,2024-06-30 08:00:00
173,29,Add,2024-07-06 08:00:00
150,23,Add,2024-02-13 23:00:00
172,20,Add,2024-09-15 01:00:00
81,6,Add,2024-12-18 08:00:00
336,12,Remove,2024-05-20 20:00:00
225,50,Add,2024-09-08 15:00:00
359,12,Remove,2024-06-27 09:00:00
35,50,Add,2024-07-05 04:00:00
358,3,Add,2024-04-19 14:00:00
188,42,Add,2024-12-13 02:00:00
224,39,Add,2024-02-10 00:00:00
131,35,Remove,2024-07-11 18:00:00
374,19,Add,2024-03-10 10:00:00
451,45,Remove,2024-11-01 13:00:00
456,4,Add,2024-12-01 00:00:00
494,31,Add,2024-08-03 09:00:00
351,42,Add,2024-11-14 09:00:00
311,38,Remove,2024-11-28 00:00:00
9,33,Add,2024-04-08 13:00:00
69,6,Remove,2024-09-03 19:00:00
28,8,Remove,2024-02-07 00:00:00
399,28,Add,2024-12-05 23:00:00
369,15,Add,2024-05-12 07:00:00
475,31,Add,2024-02-13 00:00:00
234,8,Purchase,2024-02-26 23:00:00
31,6,Add,2024-04-13 12:00:00
315,29,Add,2024-02-29 01:00:00
232,46,Add,2024-08-10 14:00:00
338,34,Remove,2024-08-25 18:00:00
486,7,Remove,2024-01-26 08:00:00
497,40,Purchase,2024-11-02 13:00:00
54,10,Remove,2024-09-17 06:00:00
452,13,Add,2024-11-19 07:00:00
469,22,Add,2024-10-18 20:00:00
175,21,Remove,2024-09-10 00:00:00
298,1,Purchase,2024-01-26 07:00:00
279,41,Add,2024-04-12 10:00:00
365,42,Add,2024-03-25 15:00:00
86,2,Remove,2024-08-01 16:00:00
65,29,Add,2024-11-07 04:00:00
89,11,Add,2024-09-06 06:00:00
54,37,Purchase,2024-05-20 19:00:00
118,50,Remove,2024-07-25 05:00:00
361,7,Add,2024-12-21 20:00:00
476,35,Add,2024-10-28 23:00:00
229,30,Add,2024-01-29 14:00:00
267,16,Purchase,2024-04-01 13:00:00
319,15,Purchase,2024-04-11 06:00:00
22,40,Remove,2024-01-13 16:00:00
438,20,Add,2024-06-05 16:00:00
247,28,Add,2024-04-09 18:00:00
473,37,Remove,2024-08-05 19:00:00
373,3,Add,2024-08-24 08:00:00
469,29,Remove,2024-01-02 19:00:00
420,37,Remove,2024-07-28 23:00:00
314,9,Add,2024-12-11 19:00:00
20,27,Purchase,2024-03-02 16:00:00
400,32,Add,2024-10-21 16:00:00
476,48,Remove,2024-09-07 09:00:00
184,46,Add,2024-07-05 13:00:00
349,50,Remove,2024-01-28 11:00:00
50,39,Remove,2024-03-01 11:00:00
90,31,Add,2024-12-04 22:00:00
104,47,Add,2024-09-12 16:00:00
194,26,Add,2024-03-19 20:00:00
383,40,Add,2024-10-20 18:00:00
369,3,Remove,2024-10-14 21:00:00
74,11,Add,2024-01-20 05:00:00
269,29,Add,2024-08-17 03:00:00
15,27,Add,2024-07-29 10:00:00
329,50,Add,2024-01-26 06:00:00
283,47,Remove,2024-10-16 03:00:00
392,10,Add,2024-03-02 21:00:00
198,35,Remove,2024-03-13 10:00:00
484,47,Remove,2024-02-29 17:00:00
434,23,Add,2024-02-21 16:00:00
344,6,Remove,2024-11-11 12:00:00
195,11,Add,2024-04-28 16:00:00
410,43,Add,2024-06-30 09:00:00
36,27,Add,2024-05-04 17:00:00
405,31,Add,2024-03-04 16:00:00
205,30,Remove,2024-08-23 14:00:00
308,3,Add,2024-02-28 18:00:00
139,13,Add,2024-04-27 14:00:00
264,40,Add,2024-08-24 06:00:00
57,21,Add,2024-06-19 07:00:00
110,43,Remove,2024-08-31 15:00:00
174,11,Add,2024-12-09 22:00:00
496,45,Remove,2024-05-18 23:00:00
206,3,Purchase,2024-05-12 06:00:00
225,38,Add,2024-06-24 15:00:00
386,31,Remove,2024-01-20 16:00:00
64,24,Add,2024-10-01 14:00:00
252,42,Add,2024-05-22 19:00:00
436,12,Add,2024-05-28 14:00:00
449,46,Add,2024-06-20 05:00:00
267,43,Purchase,2024-04-25 04:00:00
390,27,Add,2024-07-21 22:00:00
352,21,Remove,2024-10-21 08:00:00
463,25,Add,2024-05-25 13:00:00
332,30,Remove,2024-08-15 07:00:00
320,30,Add,2024-10-18 18:00:00
357,10,Remove,2024-12-15 05:00:00
93,3,Add,2024-08-30 14:00:00
183,13,Remove,2024-09-10 11:00:00
300,27,Remove,2024-09-14 08:00:00
214,18,Remove,2024-02-04 00:00:00
494,45,Add,2024-07-06 12:00:00
142,24,Add,2024-05-04 04:00:00
83,46,Remove,2024-09-19 13:00:00
389,14,Add,2024-06-26 13:00:00
99,39,Add,2024-05-13 20:00:00
281,44,Add,2024-10-14 05:00:00
434,4,Add,2024-09-14 06:00:00
102,16,Add,2024-10-31 23:00:00
329,10,Add,2024-01-14 22:00:00
378,48,Add,2024-12-24 21:00:00
71,37,Add,2024-12-26 18:00:00
373,27,Add,2024-10-07 20:00:00
338,48,Add,2024-01-11 02:00:00
386,1,Remove,2024-07-01 03:00:00
372,5,Add,2024-02-06 03:00:00
266,13,Remove,2024-01-09 22:00:00
492,45,Add,2024-06-22 15:00:00
130,3,Add,2024-05-06 21:00:00
60,17,Add,2024-03-10 09:00:00
301,19,Add,2024-05-30 20:00:00
392,37,Remove,2024-08-05 12:00:00
442,5,Add,2024-05-05 02:00:00
119,47,Remove,2024-07-05 10:00:00
263,42,Purchase,2024-04-08 06:00:00
483,44,Add,2024-07-08 09:00:00
471,24,Add,2024-04-06 03:00:00
328,43,Add,2024-08-05 07:00:00
21,33,Purchase,2024-12-05 16:00:00
97,21,Remove,2024-01-05 16:00:00
303,3,Remove,2024-05-15 06:00:00
1,4,Add,2024-02-06 03:00:00
396,32,Remove,2024-11-06 02:00:00
203,24,Remove,2024-11-20 04:00:00
432,35,Add,2024-09-29 14:00:00
128,18,Add,2024-02-27 07:00:00
350,3,Add,2024-04-22 11:00:00
132,39,Add,2024-04-01 03:00:00
34,26,Remove,2024-08-31 17:00:00
87,24,Add,2024-08-15 09:00:00
32,1,Add,2024-03-07 04:00:00
259,50,Add,2024-09-24 22:00:00
476,34,Add,2024-12-22 03:00:00
324,12,Add,2024-04-30 05:00:00
313,17,Purchase,2024-10-24 05:00:00
370,21,Add,2024-08-06 21:00:00
460,21,Add,2024-10-04 00:00:00
408,3,Remove,2024-10-30 10:00:00
33,44,Add,2024-12-23 19:00:00
387,28,Add,2024-01-18 05:00:00
388,25,Add,2024-06-25 11:00:00
286,44,Add,2024-06-29 21:00:00
326,6,Add,2024-03-22 09:00:00
49,42,Add,2024-10-06 19:00:00
286,30,Add,2024-05-19 03:00:00
456,32,Remove,2024-08-15 15:00:00
82,22,Add,2024-01-05 18:00:00
144,38,Purchase,2024-01-06 23:00:00
437,14,Add,2024-08-10 20:00:00
390,34,Add,2024-09-19 09:00:00
280,43,Purchase,2024-06-15 21:00:00
371,47,Add,2024-03-18 09:00:00
92,26,Add,2024-03-02 19:00:00
224,40,Add,2024-10-04 10:00:00
217,13,Remove,2024-01-31 11:00:00
156,30,Add,2024-01-04 12:00:00
277,19,Add,2024-04-02 02:00:00
8,42,Add,2024-07-10 12:00:00
36,41,Remove,2024-07-30 18:00:00
124,50,Add,2024-07-25 18:00:00
9,39,Add,2024-09-08 19:00:00
40,3,Add,2024-03-01 03:00:00
469,31,Remove,2024-09-09 14:00:00
179,12,Add,2024-07-14 05:00:00
129,15,Add,2024-11-17 03:00:00
447,45,Remove,2024-11-27 07:00:00
373,38,Add,2024-08-23 08:00:00
68,40,Remove,2024-01-07 21:00:00
458,14,Purchase,2024-03-12 19:00:00
154,35,Remove,2024-04-15 10:00:00
424,16,Add,2024-01-30 03:00:00
3,50,Add,2024-03-29 20:00:00
364,24,Add,2024-06-01 08:00:00
378,17,Purchase,2024-11-23 04:00:00
265,18,Purchase,2024-08-25 01:00:00
416,42,Add,2024-12-06 16:00:00
451,17,Remove,2024-01-08 01:00:00
4,16,Remove,2024-07-25 01:00:00
262,21,Add,2024-10-10 10:00:00
329,24,Add,2024-02-15 20:00:00
282,34,Add,2024-06-18 06:00:00
386,36,Add,2024-05-29 13:00:00
450,43,Remove,2024-11-28 20:00:00
370,27,Purchase,2024-10-16 09:00:00
85,39,Add,2024-03-05 00:00:00
342,17,Add,2024-03-28 02:00:00
387,25,Add,2024-02-12 18:00:00
35,38,Remove,2024-05-20 21:00:00
114,42,Remove,2024-01-04 19:00:00
59,21,Add,2024-10-05 05:00:00
38,4,Add,2024-02-10 17:00:00
33,25,Add,2024-03-30 00:00:00
377,30,Add,2024-09-12 00:00:00
399,33,Purchase,2024-11-03 16:00:00
203,39,Add,2024-11-02 02:00:00
202,26,Add,2024-11-06 21:00:00
100,25,Add,2024-07-02 22:00:00
398,16,Add,2024-04-22 02:00:00
450,49,Add,2024-09-05 03:00:00
301,24,Add,2024-04-01 12:00:00
304,5,Remove,2024-11-13 14:00:00
428,42,Add,2024-01-03 20:00:00
118,39,Add,2024-04-13 00:00:00
421,13,Add,2024-09-25 06:00:00
243,30,Remove,2024-11-28 16:00:00
29,7,Add,2024-12-30 12:00:00
227,47,Remove,2024-03-02 10:00:00
340,17,Add,2024-09-26 20:00:00
213,27,Add,2024-01-10 07:00:00
418,35,Add,2024-01-06 18:00:00
187,5,Purchase,2024-01-19 11:00:00
113,42,Add,2024-07-10 06:00:00
373,5,Add,2024-09-06 19:00:00
299,24,Add,2024-12-03 22:00:00
161,7,Add,2024-07-13 08:00:00
19,7,Add,2024-05-13 00:00:00
264,14,Add,2024-12-14 22:00:00
159,15,Add,2024-06-25 02:00:00
11,5,Add,2024-04-08 02:00:00
8,37,Add,2024-03-03 06:00:00
153,4,Add,2024-01-28 17:00:00
113,30,Add,2024-10-14 04:00:00
148,20,Add,2024-09-08 01:00:00
38,26,Add,2024-04-19 00:00:00
135,9,Add,2024-05-11 13:00:00
373,30,Add,2024-09-27 19:00:00
461,44,Remove,2024-10-02 16:00:00
423,48,Add,2024-04-08 22:00:00
235,22,Remove,2024-11-19 17:00:00
255,40,Add,2024-10-15 04:00:00
74,41,Add,2024-05-25 12:00:00
328,44,Add,2024-01-20 02:00:00
362,30,Add,2024-09-03 05:00:00
374,20,Add,2024-12-12 10:00:00
491,28,Add,2024-01-09 19:00:00
276,7,Remove,2024-06-04 18:00:00
209,4,Add,2024-04-12 21:00:00
267,28,Purchase,2024-03-25 09:00:00
144,35,Add,2024-05-14 04:00:00
485,33,Remove,2024-12-10 03:00:00
42,7,Add,2024-01-17 04:00:00
224,9,Remove,2024-09-09 16:00:00
346,34,Add,2024-03-21 00:00:00
52,39,Add,2024-07-02 01:00:00
421,42,Add,2024-09-05 22:00:00
308,34,Purchase,2024-06-06 18:00:00
137,13,Purchase,2024-01-20 22:00:00
419,29,Add,2024-05-26 04:00:00
195,35,Remove,2024-03-08 12:00:00
95,45,Add,2024-04-11 11:00:00
490,10,Add,2024-03-13 14:00:00
391,30,Add,2024-07-31 14:00:00
258,44,Purchase,2024-04-22 04:00:00
25,26,Add,2024-07-15 23:00:00
232,35,Add,2024-04-10 20:00:00
332,28,Add,2024-01-31 13:00:00
94,29,Add,2024-10-16 08:00:00
350,6,Add,2024-07-24 14:00:00
221,3,Add,2024-03-08 22:00:00
297,29,Add,2024-05-01 05:00:00
203,2,Add,2024-02-15 04:00:00
499,22,Add,2024-01-27 10:00:00
436,46,Add,2024-09-01 13:00:00
343,47,Remove,2024-10-27 17:00:00
81,50,Add,2024-10-14 01:00:00
205,27,Remove,2024-01-20 10:00:00
481,22,Add,2024-10-20 00:00:00
449,10,Add,2024-09-05 13:00:00
380,49,Add,2024-06-01 15:00:00
488,49,Remove,2024-05-16 18:00:00
77,19,Remove,2024-07-07 19:00:00
38,24,Add,2024-08-19 07:00:00
195,27,Add,2024-01-16 17:00:00
464,36,Remove,2024-09-20 22:00:00
42,43,Add,2024-03-13 04:00:00
455,17,Remove,2024-02-03 20:00:00
182,10,Add,2024-08-25 17:00:00
245,17,Remove,2024-12-30 11:00:00
195,44,Add,2024-05-22 20:00:00
78,10,Add,2024-01-15 22:00:00
320,10,Remove,2024-08-02 00:00:00
464,38,Add,2024-09-05 21:00:00
388,17,Add,2024-03-11 12:00:00
415,26,Add,2024-10-14 17:00:00
125,26,Add,2024-06-08 00:00:00
141,34,Add,2024-06-19 12:00:00
27,4,Purchase,2024-08-07 08:00:00
315,50,Remove,2024-07-03 15:00:00
321,27,Add,2024-11-18 16:00:00
448,21,Remove,2024-10-14 08:00:00
281,36,Add,2024-12-26 15:00:00
293,38,Add,2024-04-15 19:00:00
242,46,Add,2024-11-20 07:00:00
236,31,Remove,2024-07-31 04:00:00
203,7,Remove,2024-07-14 07:00:00
457,44,Add,2024-08-04 22:00:00
380,34,Add,2024-09-19 04:00:00
327,18,Add,2024-06-18 16:00:00
142,24,Add,2024-06-04 05:00:00
94,13,Add,2024-08-21 15:00:00
152,13,Add,2024-02-23 09:00:00
253,25,Remove,2024-02-05 01:00:00
67,5,Remove,2024-09-15 12:00:00
176,39,Add,2024-06-07 11:00:00
103,29,Add,2024-06-09 20:00:00
91,44,Remove,2024-09-22 05:00:00
193,46,Remove,2024-11-14 08:00:00
166,33,Add,2024-07-11 11:00:00
90,24,Add,2024-12-22 00:00:00
326,10,Remove,2024-09-14 13:00:00
315,25,Remove,2024-05-09 04:00:00
490,41,Add,2024-04-25 05:00:00
268,10,Add,2024-10-19 01:00:00
438,39,Add,2024-08-20 09:00:00
51,16,Add,2024-10-22 05:00:00
166,28,Remove,2024-10-19 20:00:00
174,12,Add,2024-07-28 19:00:00
227,44,Remove,2024-06-26 01:00:00
266,32,Add,2024-02-13 07:00:00
9,29,Add,2024-08-09 19:00:00
87,45,Remove,2024-11-06 03:00:00
94,50,Remove,2024-11-24 08:00:00
52,27,Purchase,2024-09-24 13:00:00
179,26,Add,2024-09-10 02:00:00
278,3,Add,2024-01-06 14:00:00
239,26,Purchase,2024-03-08 00:00:00
73,39,Remove,2024-02-28 08:00:00
339,1,Purchase,2024-04-28 15:00:00
72,35,Add,2024-07-09 08:00:00
374,27,Add,2024-06-20 13:00:00
68,46,Add,2024-05-22 21:00:00
5,4,Remove,2024-08-03 20:00:00
339,19,Remove,2024-06-24 07:00:00
238,22,Add,2024-05-24 02:00:00
466,6,Add,2024-05-11 15:00:00
121,9,Add,2024-06-01 23:00:00
413,11,Add,2024-10-28 15:00:00
211,22,Add,2024-06-16 17:00:00
262,47,Remove,2024-09-19 02:00:00
325,9,Add,2024-08-17 19:00:00
58,29,Add,2024-05-23 21:00:00
43,43,Add,2024-06-12 18:00:00
197,10,Remove,2024-03-08 01:00:00
72,34,Add,2024-01-07 14:00:00
91,31,Purchase,2024-06-25 13:00:00
37,22,Remove,2024-10-25 16:00:00
491,46,Add,2024-08-16 22:00:00
314,4,Add,2024-09-26 16:00:00
237,2,Purchase,2024-06-08 19:00:00
486,5,Add,2024-07-12 06:00:00
383,46,Add,2024-09-16 07:00:00
293,15,Purchase,2024-07-09 00:00:00
466,19,Remove,2024-04-15 00:00:00
154,38,Add,2024-04-06 03:00:00
170,15,Add,2024-03-04 04:00:00
272,46,Remove,2024-11-21 06:00:00
406,8,Add,2024-04-13 23:00:00
110,20,Add,2024-04-23 03:00:00
151,12,Add,2024-02-24 02:00:00
431,4,Add,2024-04-01 22:00:00
451,38,Purchase,2024-06-12 22:00:00
131,43,Remove,2024-03-01 21:00:00
268,39,Remove,2024-09-03 10:00:00
23,36,Purchase,2024-12-22 19:00:00
367,15,Add,2024-10-15 13:00:00
139,1,Add,2024-01-24 21:00:00
490,31,Add,2024-11-03 18:00:00
308,9,Add,2024-04-10 19:00:00
239,23,Add,2024-09-07 22:00:00
434,26,Add,2024-09-18 18:00:00
441,40,Add,2024-11-27 13:00:00
192,44,Add,2024-12-02 06:00:00
127,39,Add,2024-05-28 00:00:00
430,18,Add,2024-12-23 03:00:00
29,33,Add,2024-06-22 07:00:00
121,41,Add,2024-08-31 12:00:00
198,39,Add,2024-03-12 23:00:00
174,14,Purchase,2024-08-27 04:00:00
144,1,Purchase,2024-11-18 12:00:00
482,13,Add,2024-03-08 02:00:00
179,15,Purchase,2024-09-07 01:00:00
357,37,Purchase,2024-02-05 05:00:00
11,5,Add,2024-05-11 16:00:00
139,14,Add,2024-08-09 06:00:00
447,14,Purchase,2024-09-30 21:00:00
437,46,Remove,2024-04-22 22:00:00
253,5,Add,2024-03-08 18:00:00
345,11,Remove,2024-12-11 06:00:00
314,32,Add,2024-09-25 02:00:00
19,5,Add,2024-09-23 15:00:00
160,36,Add,2024-07-30 18:00:00
306,15,Add,2024-10-14 08:00:00
122,7,Add,2024-02-11 22:00:00
72,5,Remove,2024-07-13 19:00:00
55,30,Add,2024-07-18 05:00:00
460,15,Add,2024-04-30 07:00:00
169,30,Add,2024-11-29 07:00:00
99,14,Add,2024-07-21 09:00:00
70,24,Purchase,2024-09-06 22:00:00
149,24,Add,2024-10-15 14:00:00
117,35,Add,2024-06-13 13:00:00
26,5,Add,2024-04-28 19:00:00
248,12,Add,2024-03-12 16:00:00
385,20,Add,2024-11-19 03:00:00
209,46,Add,2024-12-03 18:00:00
227,5,Add,2024-09-15 08:00:00
411,36,Add,2024-10-21 01:00:00
434,21,Purchase,2024-11-24 23:00:00
114,48,Add,2024-10-10 15:00:00
194,39,Add,2024-04-07 15:00:00
484,3,Remove,2024-06-30 15:00:00
321,29,Remove,2024-02-04 10:00:00
10,25,Add,2024-12-28 22:00:00
95,27,Purchase,2024-06-06 15:00:00
121,36,Remove,2024-11-20 19:00:00
126,22,Add,2024-01-08 10:00:00
37,38,Add,2024-04-16 17:00:00
69,35,Add,2024-01-10 03:00:00
297,1,Add,2024-02-29 09:00:00
174,3,Add,2024-04-11 04:00:00
461,24,Add,2024-06-23 04:00:00
45,8,Remove,2024-11-07 05:00:00
123,48,Add,2024-08-09 18:00:00
382,39,Add,2024-07-08 16:00:00
472,18,Add,2024-11-29 10:00:00
27,41,Remove,2024-02-15 04:00:00
193,3,Remove,2024-10-27 11:00:00
497,18,Add,2024-02-27 23:00:00
340,16,Add,2024-04-24 09:00:00
136,32,Add,2024-09-25 03:00:00
195,1,Remove,2024-03-26 08:00:00
49,26,Add,2024-05-26 19:00:00
96,48,Add,2024-04-27 21:00:00
492,12,Add,2024-05-14 14:00:00
121,38,Remove,2024-12-02 13:00:00
249,21,Add,2024-07-24 08:00:00
473,41,Purchase,2024-10-30 01:00:00
217,13,Add,2024-01-04 02:00:00
114,12,Add,2024-09-15 10:00:00
14,13,Add,2024-11-20 15:00:00
62,18,Remove,2024-04-02 22:00:00
43,19,Remove,2024-10-12 22:00:00
411,19,Remove,2024-02-20 08:00:00
240,6,Remove,2024-11-15 10:00:00
96,48,Remove,2024-07-22 07:00:00
27,7,Purchase,2024-06-22 16:00:00
324,7,Add,2024-07-25 14:00:00
383,28,Remove,2024-01-23 11:00:00
242,28,Purchase,2024-08-20 11:00:00
487,19,Add,2024-10-01 11:00:00
459,16,Remove,2024-01-11 05:00:00
240,17,Add,2024-08-19 10:00:00
304,22,Add,2024-01-03 15:00:00
67,19,Add,2024-08-17 08:00:00
281,48,Add,2024-10-23 05:00:00
192,29,Add,2024-11-20 00:00:00
119,48,Remove,2024-10-17 02:00:00
152,19,Add,2024-02-17 10:00:00
265,47,Add,2024-09-20 08:00:00
392,35,Remove,2024-08-07 13:00:00
231,47,Add,2024-01-29 21:00:00
351,25,Add,2024-05-22 18:00:00
249,48,Add,2024-11-24 16:00:00
59,20,Add,2024-07-19 02:00:00
17,37,Add,2024-09-05 15:00:00
171,19,Remove,2024-05-20 16:00:00
351,42,Add,2024-04-05 23:00:00
452,13,Add,2024-04-27 03:00:00
132,47,Purchase,2024-09-01 21:00:00
357,12,Remove,2024-07-19 21:00:00
136,49,Add,2024-12-26 17:00:00
42,15,Add,2024-04-19 19:00:00
305,4,Remove,2024-09-15 03:00:00
6,15,Remove,2024-04-06 17:00:00
329,17,Remove,2024-02-05 09:00:00
170,27,Add,2024-04-09 20:00:00
456,11,Add,2024-08-04 16:00:00
288,23,Add,2024-04-13 18:00:00
399,15,Remove,2024-04-21 23:00:00
338,31,Remove,2024-04-29 14:00:00
215,26,Add,2024-04-05 15:00:00
69,7,Add,2024-07-06 20:00:00
370,13,Purchase,2024-12-29 22:00:00
27,13,Add,2024-05-23 18:00:00
225,20,Add,2024-01-06 05:00:00
322,34,Remove,2024-08-17 14:00:00
234,10,Add,2024-07-12 08:00:00
486,50,Add,2024-07-17 15:00:00
443,37,Add,2024-06-23 08:00:00
412,27,Add,2024-06-28 14:00:00
408,34,Add,2024-06-10 19:00:00
51,36,Purchase,2024-07-24 10:00:00
149,16,Add,2024-04-03 02:00:00
415,21,Remove,2024-01-02 17:00:00
75,16,Add,2024-05-21 23:00:00
306,17,Add,2024-02-13 13:00:00
92,15,Remove,2024-10-21 06:00:00
368,13,Add,2024-08-23 06:00:00
424,33,Add,2024-02-13 15:00:00
68,5,Add,2024-02-08 07:00:00
235,27,Add,2024-10-15 23:00:00
362,1,Add,2024-02-19 06:00:00
144,44,Remove,2024-10-09 16:00:00
76,30,Add,2024-05-03 14:00:00
86,23,Purchase,2024-12-07 18:00:00
227,15,Add,2024-10-10 22:00:00
363,36,Add,2024-03-04 03:00:00
447,19,Add,2024-08-28 06:00:00
56,30,Add,2024-08-27 16:00:00
80,16,Add,2024-07-05 19:00:00
24,18,Remove,2024-07-07 14:00:00
227,26,Add,2024-09-21 20:00:00
28,17,Add,2024-10-05 12:00:00
121,11,Purchase,2024-06-07 18:00:00
490,45,Add,2024-11-12 10:00:00
93,29,Add,2024-08-15 03:00:00
341,9,Add,2024-11-05 16:00:00
112,49,Add,2024-08-14 08:00:00
378,17,Add,2024-10-10 05:00:00
345,27,Add,2024-10-16 11:00:00
487,37,Add,2024-01-09 01:00:00
31,22,Remove,2024-01-12 15:00:00
143,8,Remove,2024-03-11 00:00:00
367,3,Remove,2024-05-14 02:00:00
298,38,Add,2024-01-05 02:00:00
227,35,Add,2024-08-26 05:00:00
358,32,Add,2024-11-30 02:00:00
250,8,Add,2024-05-30 00:00:00
50,44,Add,2024-09-14 03:00:00
214,27,Add,2024-05-28 13:00:00
380,32,Add,2024-05-21 09:00:00
389,36,Remove,2024-05-11 14:00:00
432,34,Add,2024-04-03 03:00:00
269,25,Purchase,2024-01-20 19:00:00
288,31,Remove,2024-09-28 01:00:00
195,42,Add,2024-05-15 12:00:00
254,47,Add,2024-07-08 19:00:00
79,13,Add,2024-03-04 07:00:00
475,15,Remove,2024-06-12 04:00:00
244,50,Add,2024-02-07 22:00:00
91,13,Add,2024-01-19 09:00:00
414,33,Add,2024-05-20 08:00:00
6,31,Add,2024-01-17 09:00:00
281,25,Purchase,2024-10-27 23:00:00
412,48,Add,2024-10-24 18:00:00
446,40,Add,2024-09-01 18:00:00
150,23,Add,2024-04-22 04:00:00
324,38,Remove,2024-01-08 04:00:00
399,3,Add,2024-02-16 03:00:00
282,16,Remove,2024-12-10 12:00:00
191,2,Remove,2024-08-28 04:00:00
274,23,Remove,2024-07-09 21:00:00
73,34,Add,2024-08-21 10:00:00
447,30,Add,2024-05-05 17:00:00
318,47,Add,2024-06-21 19:00:00
500,10,Add,2024-04-29 15:00:00
68,1,Add,2024-06-27 22:00:00
304,22,Add,2024-08-23 22:00:00
434,47,Add,2024-10-28 01:00:00
63,33,Remove,2024-12-13 09:00:00
453,25,Add,2024-11-07 16:00:00
493,22,Add,2024-05-18 06:00:00
134,16,Remove,2024-07-27 16:00:00
442,30,Add,2024-12-26 09:00:00
307,18,Remove,2024-05-13 16:00:00
268,24,Add,2024-01-16 06:00:00
223,5,Purchase,2024-08-30 03:00:00
431,37,Remove,2024-03-02 19:00:00
126,23,Add,2024-09-04 16:00:00
265,42,Remove,2024-02-25 08:00:00
7,27,Add,2024-10-15 06:00:00
413,12,Add,2024-01-01 05:00:00
206,10,Remove,2024-02-14 14:00:00
179,34,Remove,2024-08-09 16:00:00
468,33,Add,2024-10-06 12:00:00
496,16,Add,2024-07-07 06:00:00
183,29,Remove,2024-03-23 23:00:00
480,18,Add,2024-11-22 13:00:00
443,27,Remove,2024-06-24 20:00:00
440,7,Remove,2024-01-09 21:00:00
406,36,Add,2024-09-14 15:00:00
228,27,Add,2024-09-17 11:00:00
236,10,Add,2024-06-28 14:00:00
146,10,Remove,2024-03-07 08:00:00
58,11,Remove,2024-07-05 06:00:00
296,30,Add,2024-03-03 03:00:00
241,3,Add,2024-10-07 08:00:00
345,29,Remove,2024-01-28 14:00:00
287,14,Add,2024-10-03 06:00:00
440,13,Remove,2024-07-03 10:00:00
163,19,Add,2024-05-26 10:00:00
26,25,Remove,2024-01-01 20:00:00
452,10,Remove,2024-12-30 12:00:00
106,15,Add,2024-06-10 16:00:00
240,28,Remove,2024-08-30 22:00:00
340,40,Add,2024-01-19 09:00:00
418,49,Add,2024-02-28 08:00:00
332,38,Add,2024-04-24 10:00:00
400,7,Remove,2024-10-20 01:00:00
379,14,Remove,2024-04-15 14:00:00
42,30,Remove,2024-11-01 06:00:00
133,40,Remove,2024-06-11 20:00:00
317,12,Add,2024-11-10 15:00:00
44,28,Add,2024-04-04 01:00:00
35,50,Add,2024-07-26 20:00:00
364,14,Remove,2024-12-15 19:00:00
347,1,Purchase,2024-07-11 13:00:00
384,4,Add,2024-09-28 22:00:00
1,49,Remove,2024-07-19 01:00:00
226,18,Add,2024-04-18 00:00:00
299,36,Add,2024-12-15 06:00:00
288,32,Add,2024-07-28 20:00:00
236,28,Remove,2024-09-12 04:00:00
359,28,Add,2024-07-17 11:00:00
447,38,Remove,2024-12-02 23:00:00
33,32,Add,2024-06-13 11:00:00
95,8,Add,2024-03-23 12:00:00
205,25,Add,2024-03-20 18:00:00
109,47,Remove,2024-04-17 06:00:00
322,20,Add,2024-08-25 09:00:00
30,33,Remove,2024-11-11 07:00:00
266,30,Add,2024-07-04 15:00:00
23,37,Add,2024-11-23 03:00:00
97,16,Remove,2024-04-05 16:00:00
39,25,Add,2024-05-29 10:00:00
173,38,Remove,2024-12-30 05:00:00
248,42,Add,2024-01-22 13:00:00
379,10,Remove,2024-08-07 06:00:00
413,5,Remove,2024-01-12 00:00:00
414,8,Remove,2024-07-10 09:00:00
162,33,Add,2024-08-12 15:00:00
180,37,Remove,2024-06-15 19:00:00
103,1,Add,2024-11-21 21:00:00
209,31,Add,2024-05-27 03:00:00
22,7,Add,2024-09-01 19:00:00
5,47,Add,2024-05-09 15:00:00
139,23,Remove,2024-12-09 15:00:00
214,24,Remove,2024-04-14 06:00:00
160,14,Add,2024-02-11 06:00:00
408,23,Remove,2024-09-10 12:00:00
395,9,Add,2024-07-23 02:00:00
139,8,Remove,2024-06-19 07:00:00
145,8,Remove,2024-12-28 17:00:00
160,3,Remove,2024-02-08 11:00:00
83,32,Add,2024-05-13 09:00:00
155,4,Remove,2024-10-09 14:00:00
288,49,Add,2024-05-22 18:00:00
317,38,Remove,2024-07-08 05:00:00
281,2,Add,2024-11-02 14:00:00
64,9,Remove,2024-11-08 19:00:00
192,46,Add,2024-10-02 17:00:00
156,1,Add,2024-08-13 06:00:00
424,49,Add,2024-04-10 02:00:00
500,11,Remove,2024-10-20 05:00:00
91,29,Remove,2024-03-05 18:00:00
142,26,Purchase,2024-03-16 04:00:00
42,27,Remove,2024-07-10 06:00:00
249,38,Add,2024-10-02 07:00:00
295,29,Remove,2024-03-23 05:00:00
258,33,Add,2024-01-06 08:00:00
337,28,Remove,2024-06-12 15:00:00
1,31,Remove,2024-07-20 00:00:00
109,19,Add,2024-06-25 17:00:00
416,48,Remove,2024-12-05 21:00:00
467,26,Remove,2024-12-05 14:00:00
125,50,Add,2024-04-11 15:00:00
64,29,Add,2024-07-12 02:00:00
206,11,Add,2024-08-02 16:00:00
415,41,Purchase,2024-02-09 19:00:00
442,32,Add,2024-10-12 14:00:00
338,21,Add,2024-08-24 20:00:00
244,38,Add,2024-05-30 18:00:00
78,34,Add,2024-02-26 23:00:00
111,40,Remove,2024-08-07 11:00:00
142,22,Add,2024-08-29 17:00:00
216,48,Purchase,2024-11-15 02:00:00
453,27,Add,2024-08-29 16:00:00
16,8,Add,2024-07-21 04:00:00
453,40,Add,2024-09-02 06:00:00
54,46,Purchase,2024-12-11 22:00:00
141,31,Add,2024-03-04 17:00:00
380,1,Add,2024-01-29 06:00:00
336,39,Add,2024-08-13 05:00:00
79,34,Add,2024-02-23 07:00:00
415,47,Remove,2024-05-28 20:00:00
453,24,Remove,2024-02-27 16:00:00
149,28,Add,2024-02-05 16:00:00
127,50,Add,2024-09-06 15:00:00
158,4,Remove,2024-01-15 14:00:00
279,18,Add,2024-02-09 16:00:00
38,29,Add,2024-11-02 00:00:00
157,23,Add,2024-06-14 09:00:00
333,37,Add,2024-12-18 11:00:00
288,27,Add,2024-07-29 14:00:00
112,16,Add,2024-09-14 18:00:00
190,45,Add,2024-11-29 08:00:00
106,27,Add,2024-03-17 16:00:00
91,9,Remove,2024-11-11 01:00:00
354,5,Purchase,2024-02-25 21:00:00
301,8,Purchase,2024-04-28 05:00:00
49,18,Remove,2024-07-03 05:00:00
161,35,Add,2024-08-29 18:00:00
4,6,Add,2024-05-06 06:00:00
402,43,Remove,2024-08-16 18:00:00
198,23,Add,2024-03-25 06:00:00
320,46,Add,2024-09-30 07:00:00
412,26,Add,2024-04-04 11:00:00
364,39,Add,2024-01-06 15:00:00
377,24,Remove,2024-08-09 18:00:00
442,10,Remove,2024-03-22 23:00:00
475,15,Remove,2024-02-14 19:00:00
254,38,Remove,2024-03-11 06:00:00
90,20,Add,2024-02-27 09:00:00
312,29,Remove,2024-04-20 13:00:00
20,6,Add,2024-02-25 11:00:00
77,48,Remove,2024-12-14 14:00:00
220,9,Add,2024-01-08 06:00:00
162,50,Remove,2024-07-04 20:00:00
497,5,Purchase,2024-05-16 13:00:00
343,48,Add,2024-12-13 06:00:00
394,39,Add,2024-09-11 11:00:00
115,19,Add,2024-09-26 10:00:00
94,5,Add,2024-08-11 18:00:00
406,20,Add,2024-04-01 05:00:00
133,11,Remove,2024-06-11 05:00:00
172,50,Add,2024-07-07 23:00:00
114,27,Add,2024-03-13 01:00:00
9,29,Remove,2024-07-24 18:00:00
299,7,Add,2024-01-31 22:00:00
260,50,Add,2024-10-09 03:00:00
170,3,Remove,2024-06-07 20:00:00
321,5,Remove,2024-04-15 05:00:00
98,13,Add,2024-04-29 17:00:00
169,16,Add,2024-11-03 13:00:00
448,12,Add,2024-07-05 19:00:00
311,39,Add,2024-02-21 10:00:00
218,27,Add,2024-12-22 07:00:00
402,45,Remove,2024-03-08 11:00:00
400,33,Remove,2024-05-13 22:00:00
343,15,Add,2024-04-29 07:00:00
430,21,Add,2024-06-06 03:00:00
420,44,Add,2024-11-03 09:00:00
346,17,Add,2024-01-11 14:00:00
450,37,Remove,2024-09-17 02:00:00
44,49,Remove,2024-01-02 07:00:00
500,15,Add,2024-06-30 13:00:00
261,20,Add,2024-12-15 08:00:00
285,19,Remove,2024-07-15 11:00:00
126,1,Add,2024-01-10 00:00:00
260,4,Add,2024-08-03 18:00:00
495,3,Add,2024-10-12 10:00:00
355,8,Add,2024-02-18 02:00:00
214,41,Add,2024-07-11 16:00:00
305,44,Purchase,2024-06-07 05:00:00
200,5,Add,2024-06-28 03:00:00
236,9,Add,2024-04-20 13:00:00
341,1,Remove,2024-02-20 14:00:00
136,43,Add,2024-05-07 11:00:00
378,30,Add,2024-08-29 13:00:00
436,7,Add,2024-08-21 07:00:00
116,22,Add,2024-04-04 03:00:00
453,20,Remove,2024-10-07 07:00:00
405,29,Add,2024-02-01 03:00:00
155,27,Purchase,2024-02-06 09:00:00
422,25,Remove,2024-04-09 17:00:00
389,46,Add,2024-09-01 16:00:00
341,35,Add,2024-04-08 21:00:00
317,27,Add,2024-05-16 03:00:00
392,11,Add,2024-04-27 18:00:00
342,17,Add,2024-06-17 22:00:00
18,31,Add,2024-03-24 05:00:00
388,18,Purchase,2024-12-28 23:00:00
4,19,Add,2024-09-12 21:00:00
165,50,Add,2024-07-16 19:00:00
127,38,Add,2024-05-31 09:00:00
399,29,Add,2024-09-04 21:00:00
422,15,Remove,2024-07-28 15:00:00
411,7,Remove,2024-08-15 19:00:00
213,37,Add,2024-05-20 23:00:00
48,37,Remove,2024-10-19 19:00:00
46,7,Remove,2024-05-04 18:00:00
46,22,Remove,2024-08-29 19:00:00
48,12,Remove,2024-01-17 15:00:00
187,8,Remove,2024-12-06 00:00:00
120,18,Add,2024-10-12 19:00:00
132,28,Add,2024-10-06 13:00:00
459,18,Add,2024-09-14 14:00:00
19,31,Add,2024-10-11 02:00:00
441,17,Remove,2024-11-13 12:00:00
275,23,Add,2024-11-16 12:00:00
475,11,Purchase,2024-02-16 15:00:00
232,15,Add,2024-04-16 02:00:00
42,30,Remove,2024-04-13 05:00:00
92,31,Remove,2024-04-04 04:00:00
261,6,Remove,2024-12-13 14:00:00
48,12,Remove,2024-07-19 22:00:00
409,23,Add,2024-05-29 04:00:00
451,39,Add,2024-11-21 10:00:00
282,40,Purchase,2024-04-09 19:00:00
74,36,Add,2024-08-23 19:00:00
216,35,Add,2024-12-12 05:00:00
446,3,Add,2024-02-02 17:00:00
221,42,Add,2024-02-03 04:00:00
109,28,Remove,2024-07-26 11:00:00
135,15,Remove,2024-03-16 10:00:00
428,13,Purchase,2024-11-03 18:00:00
343,19,Add,2024-02-27 01:00:00
238,40,Add,2024-05-04 05:00:00
155,18,Remove,2024-08-13 16:00:00
426,31,Purchase,2024-07-18 04:00:00
329,37,Purchase,2024-05-17 15:00:00
492,21,Remove,2024-07-12 23:00:00
56,39,Add,2024-12-04 06:00:00
387,5,Add,2024-11-17 12:00:00
382,17,Remove,2024-03-27 03:00:00
397,19,Remove,2024-07-10 15:00:00
198,4,Remove,2024-01-10 16:00:00
315,26,Add,2024-05-28 13:00:00
38,24,Remove,2024-05-19 12:00:00
341,39,Add,2024-09-10 19:00:00
339,38,Add,2024-03-21 17:00:00
217,46,Add,2024-08-07 12:00:00
231,19,Purchase,2024-02-28 16:00:00
452,30,Add,2024-09-18 11:00:00
342,26,Add,2024-01-29 12:00:00
453,11,Add,2024-10-08 03:00:00
257,39,Remove,2024-07-25 15:00:00
434,3,Add,2024-11-04 18:00:00
209,22,Purchase,2024-06-23 05:00:00
201,17,Add,2024-08-31 05:00:00
137,11,Add,2024-07-07 04:00:00
128,47,Remove,2024-05-09 04:00:00
53,39,Add,2024-01-03 05:00:00
344,47,Add,2024-12-16 10:00:00
394,27,Add,2024-05-12 17:00:00
84,49,Remove,2024-09-22 23:00:00
209,43,Add,2024-01-22 02:00:00
333,29,Add,2024-06-06 15:00:00
285,12,Remove,2024-01-04 10:00:00
36,13,Add,2024-10-22 15:00:00
215,11,Add,2024-08-19 08:00:00
27,31,Add,2024-08-25 07:00:00
146,11,Remove,2024-03-28 15:00:00
18,41,Add,2024-03-31 01:00:00
118,43,Remove,2024-01-20 18:00:00
137,36,Remove,2024-07-30 19:00:00
67,2,Add,2024-12-04 18:00:00
391,23,Purchase,2024-01-18 12:00:00
314,36,Add,2024-12-02 00:00:00
463,14,Add,2024-04-26 04:00:00
30,37,Remove,2024-12-10 19:00:00
73,49,Add,2024-05-20 05:00:00
123,27,Add,2024-06-05 09:00:00
445,12,Add,2024-04-28 08:00:00
489,29,Add,2024-01-29 05:00:00
475,6,Add,2024-03-05 23:00:00
228,44,Remove,2024-10-12 17:00:00
338,47,Remove,2024-04-05 22:00:00
479,23,Add,2024-08-18 09:00:00
273,10,Add,2024-07-02 14:00:00
246,34,Add,2024-07-27 02:00:00
437,44,Add,2024-03-29 14:00:00
390,12,Add,2024-04-06 10:00:00
39,32,Add,2024-03-28 05:00:00
409,26,Add,2024-06-04 15:00:00
170,7,Add,2024-07-09 20:00:00
426,32,Remove,2024-07-22 21:00:00
315,33,Add,2024-01-27 20:00:00
102,18,Purchase,2024-11-30 17:00:00
294,35,Remove,2024-05-17 21:00:00
415,20,Purchase,2024-06-20 19:00:00
243,31,Remove,2024-12-04 04:00:00
157,5,Remove,2024-11-01 18:00:00
360,32,Add,2024-09-03 11:00:00
265,47,Add,2024-06-10 02:00:00
257,42,Remove,2024-08-05 11:00:00
464,19,Remove,2024-07-22 23:00:00
358,1,Add,2024-08-10 00:00:00
343,7,Remove,2024-10-19 00:00:00
123,22,Add,2024-09-25 22:00:00
456,50,Add,2024-10-27 03:00:00
47,34,Add,2024-07-10 14:00:00
332,10,Remove,2024-04-13 15:00:00
10,47,Remove,2024-07-22 23:00:00
144,42,Remove,2024-08-04 05:00:00
431,26,Remove,2024-02-08 04:00:00
299,32,Add,2024-03-19 11:00:00
152,42,Purchase,2024-02-12 03:00:00
487,27,Add,2024-03-17 17:00:00
136,12,Remove,2024-08-19 06:00:00
75,40,Add,2024-02-23 22:00:00
361,23,Add,2024-07-06 15:00:00
26,14,Remove,2024-11-05 15:00:00
7,34,Remove,2024-05-14 22:00:00
79,17,Add,2024-06-21 12:00:00
15,6,Remove,2024-04-24 17:00:00
432,27,Add,2024-08-08 06:00:00
387,8,Add,2024-12-05 17:00:00
400,33,Remove,2024-08-08 23:00:00
207,35,Add,2024-05-25 21:00:00
89,47,Remove,2024-06-12 08:00:00
97,17,Add,2024-11-23 02:00:00
398,26,Add,2024-07-08 08:00:00
216,7,Add,2024-09-20 11:00:00
459,46,Add,2024-06-22 23:00:00
259,24,Add,2024-04-15 20:00:00
329,25,Remove,2024-10-31 10:00:00
454,35,Purchase,2024-09-14 00:00:00
287,26,Remove,2024-03-26 00:00:00
375,50,Remove,2024-09-22 06:00:00
464,5,Add,2024-09-10 06:00:00
75,47,Add,2024-11-12 00:00:00
242,38,Add,2024-06-02 12:00:00
17,35,Add,2024-09-17 02:00:00
177,30,Remove,2024-01-27 11:00:00
259,50,Add,2024-12-15 17:00:00
123,25,Add,2024-08-11 04:00:00
467,24,Add,2024-06-13 01:00:00
472,30,Add,2024-04-11 06:00:00
311,20,Add,2024-07-11 02:00:00
111,3,Remove,2024-10-24 10:00:00
256,32,Add,2024-01-21 12:00:00
234,8,Remove,2024-10-02 10:00:00
456,50,Add,2024-06-26 10:00:00
497,47,Remove,2024-01-24 17:00:00
356,23,Remove,2024-03-24 04:00:00
40,46,Remove,2024-06-02 17:00:00
122,16,Add,2024-12-07 06:00:00
450,35,Add,2024-03-26 10:00:00
215,25,Purchase,2024-09-23 12:00:00
296,15,Add,2024-03-08 00:00:00
286,8,Add,2024-05-25 11:00:00
281,34,Add,2024-05-01 09:00:00
7,25,Remove,2024-11-11 21:00:00
92,49,Add,2024-03-02 02:00:00
361,44,Remove,2024-11-22 19:00:00
434,19,Add,2024-07-17 06:00:00
123,43,Add,2024-08-08 08:00:00
337,50,Add,2024-05-10 10:00:00
96,13,Add,2024-05-24 07:00:00
1,46,Add,2024-12-05 01:00:00
91,12,Add,2024-06-29 19:00:00
428,15,Add,2024-06-09 15:00:00
484,23,Remove,2024-02-29 22:00:00
433,40,Add,2024-03-08 23:00:00
7,2,Add,2024-12-26 07:00:00
120,40,Add,2024-08-12 07:00:00
387,23,Add,2024-07-15 00:00:00
350,5,Add,2024-09-05 06:00:00
129,34,Add,2024-04-20 06:00:00
179,10,Remove,2024-02-28 00:00:00
98,27,Add,2024-02-10 00:00:00
422,42,Remove,2024-01-29 11:00:00
43,4,Add,2024-07-03 08:00:00
183,4,Remove,2024-08-11 04:00:00
185,8,Add,2024-08-08 21:00:00
53,6,Add,2024-03-06 17:00:00
228,25,Remove,2024-09-21 00:00:00
161,27,Add,2024-11-25 13:00:00
235,47,Add,2024-02-22 13:00:00
464,50,Add,2024-06-15 11:00:00
446,40,Remove,2024-11-09 21:00:00
358,20,Remove,2024-06-30 05:00:00
395,27,Remove,2024-02-14 07:00:00
200,7,Purchase,2024-05-30 20:00:00
436,23,Add,2024-05-01 01:00:00
1,20,Add,2024-06-18 05:00:00
14,49,Remove,2024-11-25 14:00:00
478,34,Purchase,2024-05-28 19:00:00
213,29,Add,2024-03-14 10:00:00
378,44,Purchase,2024-05-28 01:00:00
277,5,Add,2024-02-23 09:00:00
34,27,Remove,2024-07-07 20:00:00
486,12,Remove,2024-05-18 21:00:00
474,17,Remove,2024-02-16 03:00:00
361,37,Add,2024-08-12 09:00:00
270,34,Add,2024-08-15 12:00:00
168,30,Add,2024-07-04 18:00:00
378,36,Add,2024-12-22 10:00:00
419,6,Remove,2024-05-01 07:00:00
170,32,Purchase,2024-11-16 04:00:00
82,32,Add,2024-04-26 17:00:00
404,9,Add,2024-12-22 23:00:00
316,22,Add,2024-02-08 11:00:00
137,10,Add,2024-06-10 12:00:00
233,29,Remove,2024-01-14 05:00:00
115,11,Remove,2024-12-27 10:00:00
252,28,Purchase,2024-11-30 15:00:00
493,2,Add,2024-08-21 09:00:00
289,21,Add,2024-11-18 10:00:00
49,31,Add,2024-09-23 15:00:00
452,41,Add,2024-06-14 08:00:00
4,17,Purchase,2024-09-13 05:00:00
379,27,Add,2024-09-05 12:00:00
176,30,Add,2024-04-07 18:00:00
272,41,Remove,2024-05-03 01:00:00
431,8,Remove,2024-04-09 03:00:00
26,37,Add,2024-01-17 23:00:00
70,5,Remove,2024-03-20 20:00:00
293,26,Add,2024-12-13 07:00:00
406,6,Purchase,2024-01-29 05:00:00
234,16,Add,2024-07-12 22:00:00
231,1,Add,2024-07-09 22:00:00
263,9,Add,2024-09-28 03:00:00
426,21,Add,2024-12-28 13:00:00
286,7,Add,2024-01-08 05:00:00
74,43,Remove,2024-11-04 22:00:00
121,15,Add,2024-07-10 18:00:00
463,24,Remove,2024-09-05 03:00:00
6,5,Add,2024-09-08 03:00:00
24,38,Add,2024-03-03 23:00:00
194,29,Purchase,2024-05-13 10:00:00
168,46,Remove,2024-06-09 01:00:00
377,46,Add,2024-01-16 05:00:00
500,11,Add,2024-02-28 08:00:00
399,4,Remove,2024-07-15 20:00:00
437,10,Add,2024-01-10 06:00:00
341,34,Add,2024-12-14 01:00:00
210,4,Add,2024-05-02 03:00:00
133,10,Add,2024-10-10 07:00:00
345,33,Add,2024-09-06 02:00:00
292,46,Remove,2024-05-09 08:00:00
458,18,Add,2024-03-15 03:00:00
499,12,Add,2024-11-24 05:00:00
174,23,Remove,2024-09-10 02:00:00
151,44,Remove,2024-06-15 08:00:00
88,25,Add,2024-06-16 20:00:00
301,37,Remove,2024-12-13 12:00:00
266,4,Remove,2024-12-03 18:00:00
310,13,Add,2024-02-25 08:00:00
70,18,Add,2024-10-08 23:00:00
205,29,Remove,2024-02-21 05:00:00
341,44,Add,2024-09-24 03:00:00
32,30,Add,2024-01-09 09:00:00
43,48,Remove,2024-11-18 16:00:00
118,38,Add,2024-10-11 06:00:00
377,28,Remove,2024-03-30 07:00:00
15,7,Add,2024-10-25 12:00:00
322,24,Add,2024-10-17 18:00:00
399,41,Add,2024-10-04 15:00:00
115,10,Add,2024-07-25 01:00:00
337,37,Remove,2024-12-23 20:00:00
20,27,Remove,2024-04-03 06:00:00
178,21,Add,2024-12-16 08:00:00
262,36,Purchase,2024-10-23 16:00:00
79,43,Add,2024-08-14 03:00:00
381,29,Add,2024-04-07 00:00:00
401,7,Add,2024-09-22 02:00:00
120,13,Add,2024-05-17 08:00:00
26,45,Remove,2024-08-26 02:00:00
22,23,Add,2024-11-04 02:00:00
201,50,Add,2024-01-04 03:00:00
64,25,Add,2024-12-17 05:00:00
460,41,Remove,2024-02-13 22:00:00
214,45,Remove,2024-07-06 06:00:00
314,13,Remove,2024-07-08 02:00:00
471,37,Add,2024-04-19 13:00:00
293,30,Add,2024-10-05 09:00:00
78,26,Add,2024-06-13 01:00:00
216,12,Add,2024-11-26 17:00:00
456,1,Remove,2024-04-29 20:00:00
474,18,Add,2024-10-25 23:00:00
224,21,Add,2024-05-22 02:00:00
377,24,Add,2024-05-09 06:00:00
28,17,Add,2024-04-13 08:00:00
480,42,Add,2024-08-09 07:00:00
470,9,Add,2024-10-14 09:00:00
305,40,Add,2024-09-14 09:00:00
201,28,Purchase,2024-06-19 22:00:00
67,15,Add,2024-04-10 13:00:00
473,13,Remove,2024-09-03 02:00:00
359,28,Remove,2024-08-31 22:00:00
126,17,Remove,2024-12-19 17:00:00
460,9,Add,2024-08-12 00:00:00
349,21,Add,2024-09-18 12:00:00
195,30,Remove,2024-01-21 23:00:00
425,11,Add,2024-04-29 05:00:00
174,30,Add,2024-05-15 12:00:00
87,36,Add,2024-12-19 07:00:00
343,25,Remove,2024-03-26 00:00:00
311,7,Purchase,2024-03-17 00:00:00
466,20,Add,2024-01-10 04:00:00
395,35,Add,2024-05-27 12:00:00
484,10,Remove,2024-07-04 04:00:00
154,35,Add,2024-01-10 02:00:00
456,1,Add,2024-06-10 01:00:00
476,14,Add,2024-07-14 01:00:00
210,45,Remove,2024-06-08 20:00:00
13,5,Add,2024-02-27 08:00:00
164,40,Add,2024-09-21 08:00:00
490,44,Add,2024-01-25 03:00:00
488,38,Remove,2024-09-20 17:00:00
255,34,Purchase,2024-04-14 02:00:00
384,24,Add,2024-02-07 22:00:00
492,4,Purchase,2024-07-29 04:00:00
64,27,Add,2024-06-27 23:00:00
307,5,Add,2024-12-20 07:00:00
76,43,Purchase,2024-10-23 21:00:00
22,13,Add,2024-01-23 21:00:00
60,40,Add,2024-10-05 09:00:00
386,21,Add,2024-03-21 02:00:00
56,37,Remove,2024-12-20 02:00:00
168,32,Remove,2024-10-18 16:00:00
412,38,Remove,2024-02-15 01:00:00
205,31,Add,2024-11-27 04:00:00
353,32,Remove,2024-07-05 21:00:00
259,15,Add,2024-07-12 11:00:00
191,48,Remove,2024-01-09 19:00:00
482,30,Remove,2024-11-07 06:00:00
407,43,Add,2024-12-08 17:00:00
55,7,Add,2024-10-24 14:00:00
416,38,Add,2024-11-24 10:00:00
340,31,Remove,2024-09-04 00:00:00
284,44,Add,2024-07-21 00:00:00
380,26,Add,2024-05-12 17:00:00
264,36,Add,2024-07-11 09:00:00
259,46,Add,2024-02-29 12:00:00
350,43,Remove,2024-06-03 07:00:00
89,26,Add,2024-06-04 12:00:00
437,44,Add,2024-11-03 01:00:00
222,2,Remove,2024-03-02 20:00:00
413,43,Remove,2024-07-23 21:00:00
495,45,Add,2024-05-22 06:00:00
350,43,Add,2024-10-21 16:00:00
482,9,Purchase,2024-06-27 02:00:00
89,48,Add,2024-01-07 11:00:00
465,5,Purchase,2024-01-14 01:00:00
59,27,Add,2024-08-27 08:00:00
152,12,Add,2024-11-15 00:00:00
422,35,Add,2024-09-24 01:00:00
28,29,Add,2024-10-09 21:00:00
225,16,Remove,2024-01-18 13:00:00
318,19,Purchase,2024-10-19 06:00:00
484,49,Purchase,2024-03-08 12:00:00
51,43,Remove,2024-03-20 21:00:00
263,27,Remove,2024-02-29 15:00:00
279,18,Remove,2024-06-27 03:00:00
46,41,Remove,2024-03-24 19:00:00
474,13,Add,2024-09-08 00:00:00
334,30,Add,2024-11-28 19:00:00
106,26,Remove,2024-03-24 21:00:00
284,6,Remove,2024-05-29 06:00:00
24,3,Remove,2024-10-05 15:00:00
7,23,Remove,2024-04-22 23:00:00
368,12,Add,2024-05-06 08:00:00
484,41,Remove,2024-06-06 13:00:00
487,41,Purchase,2024-02-16 03:00:00
335,15,Add,2024-07-03 07:00:00
433,1,Purchase,2024-02-26 14:00:00
3,50,Add,2024-03-02 21:00:00
496,47,Remove,2024-02-26 03:00:00
258,8,Remove,2024-08-30 02:00:00
263,31,Add,2024-11-23 01:00:00
121,11,Add,2024-05-03 21:00:00
208,17,Add,2024-06-01 07:00:00
21,27,Add,2024-08-19 16:00:00
393,31,Add,2024-03-20 15:00:00
140,27,Add,2024-06-24 06:00:00
477,14,Purchase,2024-05-22 16:00:00
280,23,Add,2024-09-05 02:00:00
289,5,Add,2024-10-15 07:00:00
206,30,Purchase,2024-05-25 22:00:00
43,34,Purchase,2024-06-13 14:00:00
338,47,Remove,2024-05-14 09:00:00
118,19,Add,2024-06-04 22:00:00
5,31,Add,2024-12-19 17:00:00
207,16,Add,2024-10-05 18:00:00
123,45,Add,2024-05-27 13:00:00
327,27,Remove,2024-01-23 01:00:00
345,26,Add,2024-06-26 08:00:00
142,39,Remove,2024-02-28 00:00:00
372,29,Add,2024-06-24 11:00:00
232,49,Add,2024-03-23 09:00:00
164,39,Add,2024-08-10 02:00:00
35,44,Remove,2024-10-23 20:00:00
364,45,Add,2024-04-19 10:00:00
434,29,Add,2024-02-08 01:00:00
472,45,Add,2024-06-11 19:00:00
335,46,Add,2024-11-23 00:00:00
11,47,Remove,2024-03-29 20:00:00
408,31,Add,2024-05-20 23:00:00
75,2,Add,2024-06-22 08:00:00
300,6,Remove,2024-12-20 13:00:00
435,9,Add,2024-12-21 16:00:00
401,15,Add,2024-06-22 18:00:00
381,20,Add,2024-03-14 04:00:00
198,48,Add,2024-10-13 23:00:00
341,2,Add,2024-02-01 16:00:00
264,3,Remove,2024-04-22 02:00:00
335,30,Remove,2024-01-16 08:00:00
374,8,Add,2024-07-30 11:00:00
500,40,Remove,2024-01-24 01:00:00
224,21,Add,2024-11-03 15:00:00
122,39,Add,2024-12-08 22:00:00
74,43,Remove,2024-06-29 22:00:00
28,13,Add,2024-02-07 01:00:00
463,40,Add,2024-08-20 04:00:00
396,41,Remove,2024-03-22 21:00:00
171,48,Add,2024-11-04 17:00:00
466,37,Add,2024-06-05 09:00:00
376,32,Remove,2024-07-01 09:00:00
421,14,Remove,2024-07-07 17:00:00
364,1,Remove,2024-09-28 22:00:00
383,27,Add,2024-12-15 05:00:00
216,24,Add,2024-06-20 03:00:00
319,49,Add,2024-05-23 21:00:00
101,22,Add,2024-07-03 21:00:00
246,14,Add,2024-04-27 10:00:00
93,45,Remove,2024-11-20 16:00:00
63,8,Add,2024-06-19 13:00:00
266,27,Add,2024-04-14 09:00:00
206,3,Add,2024-02-05 01:00:00
80,33,Purchase,2024-07-03 05:00:00
37,47,Remove,2024-07-08 02:00:00
11,21,Purchase,2024-05-20 11:00:00
115,32,Add,2024-05-25 05:00:00
90,40,Add,2024-09-18 04:00:00
232,41,Add,2024-04-17 08:00:00
19,45,Remove,2024-02-14 15:00:00
52,44,Add,2024-01-02 16:00:00
374,41,Add,2024-07-19 22:00:00
274,32,Add,2024-04-24 05:00:00
94,24,Add,2024-07-04 03:00:00
32,11,Add,2024-06-06 14:00:00
151,37,Add,2024-08-09 11:00:00
140,21,Add,2024-12-16 11:00:00
58,18,Add,2024-06-28 16:00:00
461,11,Add,2024-06-28 04:00:00
21,27,Remove,2024-03-03 11:00:00
149,43,Add,2024-09-29 01:00:00
221,38,Remove,2024-12-19 13:00:00
221,1,Add,2024-09-26 12:00:00
242,29,Add,2024-10-31 21:00:00
219,21,Add,2024-06-26 02:00:00
29,29,Purchase,2024-10-03 15:00:00
463,9,Add,2024-11-02 05:00:00
47,7,Add,2024-04-28 05:00:00
396,38,Add,2024-09-30 08:00:00
58,31,Add,2024-04-23 05:00:00
425,27,Add,2024-11-08 17:00:00
275,42,Add,2024-01-25 15:00:00
140,32,Add,2024-10-06 22:00:00
23,5,Add,2024-10-27 10:00:00
389,33,Remove,2024-03-12 23:00:00
378,15,Add,2024-07-19 05:00:00
410,5,Add,2024-02-02 00:00:00
373,20,Remove,2024-02-14 06:00:00
63,38,Remove,2024-12-27 17:00:00
52,37,Add,2024-03-10 12:00:00
266,17,Add,2024-10-19 20:00:00
342,50,Remove,2024-08-05 14:00:00
167,4,Add,2024-06-20 21:00:00
151,21,Purchase,2024-09-12 07:00:00
11,34,Add,2024-09-20 04:00:00
476,40,Add,2024-01-10 14:00:00
95,5,Purchase,2024-08-17 23:00:00
72,4,Purchase,2024-02-24 02:00:00
384,22,Add,2024-02-10 09:00:00
487,14,Remove,2024-04-24 23:00:00
48,4,Add,2024-02-03 07:00:00
348,8,Remove,2024-07-15 03:00:00
272,3,Remove,2024-12-28 09:00:00
430,46,Add,2024-08-12 03:00:00
431,29,Add,2024-02-23 05:00:00
500,26,Add,2024-01-25 12:00:00
95,50,Add,2024-11-16 03:00:00
233,30,Add,2024-08-15 17:00:00
48,12,Remove,2024-06-03 17:00:00
208,15,Add,2024-08-26 17:00:00
453,41,Add,2024-05-22 16:00:00
227,2,Remove,2024-10-11 04:00:00
409,1,Add,2024-01-11 15:00:00
77,47,Add,2024-03-21 00:00:00
349,47,Add,2024-10-31 17:00:00
219,28,Add,2024-04-24 04:00:00
360,40,Add,2024-06-06 12:00:00
81,35,Remove,2024-04-29 22:00:00
37,34,Add,2024-05-07 05:00:00
102,4,Remove,2024-12-30 17:00:00
191,18,Remove,2024-12-17 03:00:00
29,12,Remove,2024-05-16 22:00:00
314,50,Add,2024-05-10 21:00:00
253,21,Add,2024-07-02 23:00:00
251,10,Remove,2024-08-24 23:00:00
226,21,Add,2024-11-09 21:00:00
94,40,Add,2024-01-11 09:00:00
415,25,Remove,2024-08-22 02:00:00
86,50,Remove,2024-07-03 13:00:00
110,17,Add,2024-10-28 18:00:00
217,6,Remove,2024-02-29 03:00:00
196,14,Add,2024-06-08 00:00:00
483,37,Add,2024-03-10 12:00:00
297,40,Remove,2024-08-12 07:00:00
434,40,Remove,2024-05-25 13:00:00
44,18,Purchase,2024-04-07 23:00:00
393,30,Add,2024-01-12 23:00:00
443,9,Remove,2024-08-12 20:00:00
90,14,Add,2024-06-19 17:00:00
475,46,Add,2024-07-27 02:00:00
155,46,Remove,2024-10-29 12:00:00
466,17,Add,2024-02-04 12:00:00
478,34,Add,2024-09-22 00:00:00
109,46,Add,2024-04-07 13:00:00
59,22,Add,2024-09-22 18:00:00
110,32,Add,2024-08-19 12:00:00
479,12,Add,2024-06-26 03:00:00
106,16,Add,2024-12-25 04:00:00
387,22,Add,2024-06-05 05:00:00
221,38,Remove,2024-04-25 04:00:00
263,50,Remove,2024-11-11 00:00:00
82,39,Add,2024-05-06 18:00:00
272,2,Add,2024-08-15 00:00:00
49,45,Remove,2024-01-29 18:00:00
377,8,Add,2024-06-12 13:00:00
32,44,Add,2024-10-14 13:00:00
486,1,Remove,2024-09-21 18:00:00
89,41,Add,2024-10-23 16:00:00
428,40,Add,2024-06-23 07:00:00
480,41,Add,2024-11-09 12:00:00
19,5,Add,2024-05-08 01:00:00
3,45,Add,2024-01-10 20:00:00
378,46,Remove,2024-11-14 10:00:00
60,36,Remove,2024-04-05 15:00:00
419,17,Add,2024-04-02 05:00:00
242,41,Purchase,2024-04-07 04:00:00
29,30,Remove,2024-10-21 16:00:00
75,15,Add,2024-12-29 18:00:00
70,20,Add,2024-06-03 17:00:00
83,36,Add,2024-03-16 02:00:00
357,2,Remove,2024-06-23 14:00:00
173,45,Add,2024-01-18 02:00:00
411,4,Remove,2024-09-30 13:00:00
197,50,Add,2024-07-16 01:00:00
346,24,Add,2024-07-18 09:00:00
419,48,Add,2024-12-05 17:00:00
147,42,Remove,2024-02-12 17:00:00
273,2,Add,2024-01-27 15:00:00
35,46,Add,2024-03-09 06:00:00
495,2,Add,2024-08-03 15:00:00
113,50,Remove,2024-05-05 13:00:00
461,1,Remove,2024-02-08 06:00:00
206,13,Add,2024-04-17 11:00:00
158,6,Purchase,2024-12-18 22:00:00
253,22,Add,2024-02-09 12:00:00
122,17,Add,2024-03-09 23:00:00
48,49,Add,2024-07-05 13:00:00
185,22,Add,2024-12-17 08:00:00
491,43,Add,2024-08-28 02:00:00
273,6,Remove,2024-07-22 10:00:00
101,3,Remove,2024-04-27 03:00:00
15,46,Remove,2024-08-09 00:00:00
128,6,Remove,2024-03-03 11:00:00
210,17,Remove,2024-01-05 13:00:00
112,35,Add,2024-10-18 16:00:00
270,49,Remove,2024-05-29 12:00:00
142,50,Add,2024-11-14 10:00:00
173,37,Purchase,2024-03-09 05:00:00
353,47,Add,2024-02-01 09:00:00
166,35,Add,2024-09-22 11:00:00
447,23,Remove,2024-02-23 22:00:00
119,8,Remove,2024-12-03 14:00:00
203,7,Add,2024-12-08 17:00:00
11,50,Add,2024-10-17 02:00:00
249,10,Add,2024-11-16 16:00:00
304,26,Purchase,2024-02-11 05:00:00
248,10,Add,2024-04-30 10:00:00
154,19,Add,2024-11-29 16:00:00
323,23,Add,2024-10-10 06:00:00
25,31,Add,2024-06-30 03:00:00
465,33,Add,2024-01-11 18:00:00
445,2,Remove,2024-08-20 20:00:00
342,28,Remove,2024-03-04 15:00:00
221,32,Add,2024-03-23 01:00:00
110,33,Remove,2024-10-25 17:00:00
410,9,Add,2024-10-23 15:00:00
418,29,Add,2024-07-21 13:00:00
90,15,Add,2024-02-09 12:00:00
265,18,Add,2024-10-24 22:00:00
40,18,Remove,2024-05-10 01:00:00
459,7,Add,2024-10-06 17:00:00
263,14,Remove,2024-03-28 20:00:00
158,29,Remove,2024-08-19 10:00:00
118,50,Remove,2024-01-23 23:00:00
450,19,Purchase,2024-10-03 01:00:00
256,5,Purchase,2024-08-02 18:00:00
414,41,Add,2024-05-22 12:00:00
196,50,Add,2024-08-11 13:00:00
314,45,Add,2024-11-15 19:00:00
311,5,Remove,2024-09-06 12:00:00
14,15,Add,2024-10-09 22:00:00
461,26,Purchase,2024-09-06 15:00:00
118,24,Add,2024-06-07 11:00:00
217,19,Add,2024-08-12 05:00:00
205,20,Add,2024-10-27 21:00:00
77,43,Remove,2024-08-29 16:00:00
421,9,Add,2024-04-24 22:00:00
380,28,Add,2024-10-14 14:00:00
172,16,Add,2024-04-13 22:00:00
390,11,Add,2024-10-23 07:00:00
26,34,Add,2024-03-12 10:00:00
128,25,Add,2024-09-03 05:00:00
374,40,Add,2024-09-03 23:00:00
142,21,Add,2024-02-03 00:00:00
392,5,Purchase,2024-01-10 07:00:00
24,11,Purchase,2024-09-28 23:00:00
470,43,Add,2024-08-27 13:00:00
232,9,Add,2024-03-30 06:00:00
423,11,Add,2024-01-18 19:00:00
177,37,Purchase,2024-06-17 23:00:00
341,41,Add,2024-06-12 23:00:00
235,1,Add,2024-03-30 15:00:00
319,26,Add,2024-01-22 10:00:00
26,10,Add,2024-10-23 16:00:00
266,40,Add,2024-09-02 10:00:00
461,19,Remove,2024-02-21 02:00:00
362,16,Add,2024-03-25 10:00:00
117,45,Add,2024-05-02 09:00:00
58,37,Add,2024-01-06 16:00:00
270,50,Remove,2024-07-17 12:00:00
329,41,Add,2024-01-06 02:00:00
455,4,Add,2024-04-30 12:00:00
295,14,Remove,2024-12-27 03:00:00
122,30,Purchase,2024-10-19 20:00:00
159,7,Add,2024-10-10 17:00:00
178,12,Add,2024-10-14 06:00:00
144,24,Add,2024-06-29 00:00:00
328,39,Remove,2024-10-08 16:00:00
368,43,Add,2024-04-25 19:00:00
307,22,Add,2024-01-30 17:00:00
399,47,Add,2024-01-05 21:00:00
89,30,Add,2024-09-18 09:00:00
239,39,Add,2024-05-03 18:00:00
38,20,Purchase,2024-11-21 09:00:00
361,26,Add,2024-04-15 20:00:00
79,49,Purchase,2024-10-26 23:00:00
345,5,Add,2024-05-11 12:00:00
327,40,Purchase,2024-05-01 09:00:00
346,42,Remove,2024-07-26 18:00:00
252,6,Add,2024-03-30 08:00:00
328,34,Add,2024-02-15 23:00:00
466,5,Add,2024-11-25 07:00:00
149,10,Add,2024-03-07 16:00:00
16,28,Add,2024-12-04 02:00:00
367,3,Add,2024-06-22 05:00:00
323,13,Remove,2024-10-11 18:00:00
321,48,Remove,2024-04-23 11:00:00
269,47,Add,2024-05-22 05:00:00
118,2,Purchase,2024-10-03 11:00:00
192,35,Purchase,2024-02-20 06:00:00
317,50,Add,2024-10-02 09:00:00
288,47,Add,2024-08-29 01:00:00
396,28,Add,2024-08-24 14:00:00
351,37,Add,2024-12-13 23:00:00
297,23,Add,2024-05-11 06:00:00
194,43,Add,2024-09-15 15:00:00
489,23,Remove,2024-09-06 08:00:00
392,35,Remove,2024-08-02 22:00:00
443,41,Add,2024-10-08 07:00:00
281,39,Remove,2024-11-15 17:00:00
389,32,Remove,2024-12-12 12:00:00
301,2,Add,2024-01-02 00:00:00
386,47,Remove,2024-10-30 15:00:00
426,44,Add,2024-12-28 23:00:00
250,48,Add,2024-06-12 10:00:00
422,16,Add,2024-01-26 05:00:00
231,16,Add,2024-10-08 10:00:00
3,3,Add,2024-05-01 00:00:00
174,28,Add,2024-09-21 06:00:00
240,29,Remove,2024-09-15 08:00:00
486,20,Remove,2024-05-09 09:00:00
406,36,Add,2024-03-21 00:00:00
104,33,Add,2024-05-25 05:00:00
289,22,Remove,2024-04-11 08:00:00
244,8,Add,2024-02-11 14:00:00
288,47,Add,2024-07-14 07:00:00
367,24,Add,2024-09-16 02:00:00
273,37,Remove,2024-03-05 08:00:00
120,20,Remove,2024-08-10 20:00:00
338,12,Remove,2024-07-01 18:00:00
440,20,Add,2024-05-28 19:00:00
259,20,Remove,2024-11-15 01:00:00
70,4,Add,2024-03-19 06:00:00
433,30,Add,2024-12-22 22:00:00
183,31,Add,2024-03-14 08:00:00
461,22,Remove,2024-10-05 13:00:00
247,15,Add,2024-02-23 12:00:00
118,38,Add,2024-08-12 15:00:00
31,37,Remove,2024-07-30 07:00:00
465,28,Remove,2024-08-28 05:00:00
149,11,Remove,2024-04-04 12:00:00
16,14,Add,2024-07-03 07:00:00
273,11,Remove,2024-01-25 08:00:00
352,9,Remove,2024-11-13 12:00:00
385,24,Add,2024-02-19 08:00:00
368,10,Add,2024-10-16 03:00:00
102,38,Add,2024-03-21 11:00:00
72,43,Add,2024-07-26 12:00:00
193,41,Add,2024-03-15 13:00:00
322,37,Add,2024-06-18 22:00:00
111,42,Add,2024-12-13 20:00:00
293,32,Add,2024-06-27 23:00:00
408,20,Remove,2024-09-21 13:00:00
347,14,Add,2024-08-09 04:00:00
340,38,Add,2024-01-03 21:00:00
367,4,Remove,2024-05-15 17:00:00
318,24,Add,2024-07-05 02:00:00
277,32,Add,2024-11-06 01:00:00
106,10,Add,2024-10-25 04:00:00
37,43,Remove,2024-08-04 06:00:00
291,16,Purchase,2024-11-13 13:00:00
422,39,Remove,2024-10-11 18:00:00
181,32,Remove,2024-09-14 08:00:00
143,18,Add,2024-02-26 09:00:00
114,25,Remove,2024-02-18 06:00:00
238,7,Purchase,2024-01-18 05:00:00
426,47,Add,2024-08-19 21:00:00
94,18,Remove,2024-02-23 23:00:00
260,47,Add,2024-05-31 00:00:00
107,18,Add,2024-06-10 21:00:00
244,3,Remove,2024-08-03 03:00:00
423,1,Add,2024-12-13 19:00:00
335,33,Add,2024-11-12 17:00:00
23,7,Remove,2024-02-11 00:00:00
361,10,Remove,2024-03-14 08:00:00
271,44,Remove,2024-01-25 12:00:00
474,8,Add,2024-10-29 17:00:00
140,32,Add,2024-06-21 04:00:00
466,23,Purchase,2024-10-13 01:00:00
454,17,Add,2024-08-05 06:00:00
384,14,Purchase,2024-04-24 13:00:00
82,17,Remove,2024-08-28 19:00:00
377,25,Remove,2024-07-30 10:00:00
498,21,Add,2024-03-26 04:00:00
438,6,Add,2024-09-24 20:00:00
344,20,Remove,2024-09-21 16:00:00
422,49,Add,2024-12-25 23:00:00
156,20,Remove,2024-06-03 07:00:00
335,26,Remove,2024-09-09 11:00:00
19,32,Add,2024-11-13 18:00:00
69,8,Remove,2024-11-25 23:00:00
448,45,Add,2024-02-03 23:00:00
132,48,Add,2024-11-11 07:00:00
256,44,Add,2024-08-20 12:00:00
209,29,Remove,2024-08-10 08:00:00
10,17,Add,2024-03-30 12:00:00
140,18,Add,2024-08-27 21:00:00
453,40,Add,2024-09-13 07:00:00
135,18,Add,2024-07-07 08:00:00
255,11,Add,2024-12-09 12:00:00
300,45,Add,2024-11-11 21:00:00
407,12,Remove,2024-07-19 06:00:00
258,15,Add,2024-12-08 19:00:00
94,26,Add,2024-04-28 09:00:00
372,3,Add,2024-06-03 04:00:00
241,3,Purchase,2024-12-02 01:00:00
237,38,Add,2024-07-19 01:00:00
165,35,Remove,2024-09-22 11:00:00
325,9,Remove,2024-07-12 14:00:00
148,43,Remove,2024-01-25 02:00:00
218,40,Remove,2024-03-11 08:00:00
428,4,Add,2024-01-11 21:00:00
108,20,Remove,2024-07-26 06:00:00
231,15,Add,2024-04-02 12:00:00
70,29,Remove,2024-12-20 10:00:00
221,5,Purchase,2024-10-17 14:00:00
74,39,Purchase,2024-09-20 06:00:00
179,40,Add,2024-03-09 05:00:00
80,7,Add,2024-07-03 18:00:00
354,8,Add,2024-05-03 02:00:00
159,32,Add,2024-08-09 10:00:00
356,36,Add,2024-06-14 23:00:00
169,33,Add,2024-12-06 13:00:00
314,37,Purchase,2024-10-31 02:00:00
389,32,Add,2024-06-05 23:00:00
161,43,Remove,2024-08-15 08:00:00
427,36,Add,2024-12-30 05:00:00
403,34,Remove,2024-09-22 19:00:00
32,49,Purchase,2024-07-30 20:00:00
121,25,Add,2024-08-24 22:00:00
215,44,Add,2024-06-22 11:00:00
3,32,Add,2024-02-24 12:00:00
385,2,Purchase,2024-03-14 06:00:00
228,9,Add,2024-11-12 01:00:00
425,38,Add,2024-08-19 07:00:00
476,29,Add,2024-03-09 07:00:00
48,38,Add,2024-06-15 19:00:00
167,18,Remove,2024-04-25 18:00:00
389,22,Add,2024-05-18 07:00:00
333,35,Add,2024-08-01 15:00:00
11,15,Add,2024-04-11 09:00:00
238,7,Purchase,2024-01-10 18:00:00
278,13,Add,2024-01-04 18:00:00
241,42,Remove,2024-09-15 16:00:00
471,36,Add,2024-09-22 05:00:00
192,16,Remove,2024-10-13 15:00:00
12,41,Purchase,2024-01-09 20:00:00
53,21,Add,2024-07-22 11:00:00
55,28,Add,2024-05-03 13:00:00
309,10,Add,2024-05-09 09:00:00
21,19,Remove,2024-01-04 05:00:00
19,17,Add,2024-01-30 22:00:00
453,1,Add,2024-11-12 12:00:00
344,13,Add,2024-07-01 13:00:00
350,36,Add,2024-10-18 09:00:00
456,47,Add,2024-07-20 04:00:00
322,42,Remove,2024-06-05 03:00:00
315,20,Remove,2024-05-01 21:00:00
433,41,Add,2024-11-10 13:00:00
482,40,Remove,2024-06-15 01:00:00
59,6,Remove,2024-09-26 09:00:00
151,23,Remove,2024-06-24 02:00:00
259,42,Add,2024-11-23 22:00:00
440,24,Add,2024-07-06 16:00:00
372,49,Remove,2024-10-03 18:00:00
58,5,Remove,2024-11-30 19:00:00
216,32,Add,2024-11-09 09:00:00
62,46,Add,2024-12-15 09:00:00
146,17,Add,2024-12-09 11:00:00
445,11,Add,2024-01-09 14:00:00
382,27,Add,2024-12-03 19:00:00
239,4,Add,2024-07-11 02:00:00
293,23,Add,2024-05-15 06:00:00
182,23,Remove,2024-11-15 14:00:00
369,49,Add,2024-05-29 04:00:00
95,34,Add,2024-08-23 11:00:00
78,21,Add,2024-11-09 08:00:00
449,22,Add,2024-04-14 14:00:00
142,1,Add,2024-08-26 19:00:00
105,32,Remove,2024-04-17 04:00:00
261,28,Add,2024-02-02 21:00:00
95,18,Remove,2024-11-02 10:00:00
223,7,Remove,2024-05-06 17:00:00
478,38,Remove,2024-07-16 16:00:00
484,6,Remove,2024-02-13 04:00:00
190,14,Remove,2024-02-08 15:00:00
129,30,Add,2024-05-16 22:00:00
319,44,Purchase,2024-06-12 19:00:00
195,46,Add,2024-01-23 23:00:00
20,14,Add,2024-07-17 13:00:00
299,44,Add,2024-02-27 03:00:00
240,41,Remove,2024-07-14 23:00:00
235,9,Add,2024-05-21 06:00:00
85,31,Purchase,2024-07-25 11:00:00
94,2,Add,2024-10-28 12:00:00
42,18,Remove,2024-11-13 18:00:00
364,5,Add,2024-12-11 15:00:00
350,26,Add,2024-06-09 14:00:00
453,23,Add,2024-06-13 05:00:00
74,12,Add,2024-08-04 20:00:00
472,14,Add,2024-12-02 10:00:00
365,13,Purchase,2024-09-07 03:00:00
115,35,Add,2024-08-31 13:00:00
423,47,Remove,2024-09-03 08:00:00
190,15,Add,2024-10-10 02:00:00
432,35,Add,2024-07-13 10:00:00
125,19,Add,2024-03-27 21:00:00
6,15,Add,2024-06-06 04:00:00
458,8,Remove,2024-02-05 11:00:00
379,23,Remove,2024-09-04 11:00:00
42,13,Add,2024-04-09 02:00:00
58,23,Remove,2024-04-28 01:00:00
427,31,Add,2024-07-14 23:00:00
10,30,Remove,2024-02-05 06:00:00
89,42,Remove,2024-11-17 10:00:00
334,2,Remove,2024-01-05 12:00:00
111,11,Add,2024-08-15 08:00:00
39,25,Add,2024-12-24 12:00:00
397,29,Add,2024-12-24 17:00:00
459,22,Purchase,2024-03-22 01:00:00
167,19,Purchase,2024-03-25 00:00:00
11,9,Add,2024-12-08 01:00:00
110,41,Remove,2024-12-21 08:00:00
497,38,Purchase,2024-05-15 17:00:00
16,29,Add,2024-04-03 15:00:00
33,10,Remove,2024-04-09 17:00:00
233,22,Add,2024-07-12 20:00:00
489,24,Add,2024-09-23 19:00:00
188,8,Add,2024-06-12 23:00:00
224,47,Add,2024-04-05 16:00:00
59,6,Remove,2024-09-10 07:00:00
458,7,Add,2024-12-18 18:00:00
51,20,Add,2024-03-04 18:00:00
271,17,Add,2024-05-06 20:00:00
464,36,Add,2024-02-08 00:00:00
43,8,Add,2024-12-18 09:00:00
27,13,Add,2024-03-17 21:00:00
56,24,Add,2024-01-05 11:00:00
121,46,Remove,2024-09-08 02:00:00
113,50,Purchase,2024-11-12 18:00:00
316,31,Add,2024-08-24 10:00:00
115,23,Remove,2024-01-29 08:00:00
109,17,Purchase,2024-01-29 11:00:00
480,50,Remove,2024-04-09 18:00:00
454,46,Remove,2024-05-17 10:00:00
175,24,Remove,2024-11-28 08:00:00
112,43,Add,2024-12-29 01:00:00
100,10,Add,2024-04-03 21:00:00
8,31,Remove,2024-06-29 00:00:00
447,45,Add,2024-10-09 06:00:00
473,20,Remove,2024-11-16 15:00:00
135,16,Remove,2024-09-16 07:00:00
251,14,Add,2024-07-31 18:00:00
337,3,Remove,2024-07-06 03:00:00
240,30,Add,2024-05-15 09:00:00
222,18,Remove,2024-03-30 15:00:00
386,6,Add,2024-05-26 00:00:00
145,20,Purchase,2024-04-10 01:00:00
377,35,Add,2024-08-06 15:00:00
4,19,Remove,2024-02-14 05:00:00
282,26,Purchase,2024-10-18 06:00:00
334,35,Add,2024-03-06 22:00:00
328,12,Remove,2024-08-21 13:00:00
197,8,Add,2024-01-08 02:00:00
389,37,Remove,2024-08-14 01:00:00
128,49,Add,2024-01-28 16:00:00
261,10,Purchase,2024-08-21 11:00:00
91,21,Remove,2024-07-21 08:00:00
325,49,Add,2024-11-08 12:00:00
259,41,Add,2024-01-11 04:00:00
422,45,Remove,2024-04-04 01:00:00
94,42,Add,2024-04-12 16:00:00
257,29,Add,2024-04-19 03:00:00
136,31,Add,2024-05-10 10:00:00
13,40,Add,2024-04-02 00:00:00
468,7,Add,2024-07-24 05:00:00
198,34,Remove,2024-01-29 22:00:00
498,34,Remove,2024-07-05 16:00:00
178,30,Remove,2024-06-25 22:00:00
112,4,Add,2024-11-26 21:00:00
264,41,Add,2024-07-17 12:00:00
414,30,Add,2024-12-25 07:00:00
369,25,Purchase,2024-08-08 06:00:00
424,14,Add,2024-08-01 08:00:00
79,24,Add,2024-03-15 01:00:00
378,43,Add,2024-08-29 21:00:00
256,31,Remove,2024-11-18 17:00:00
74,39,Remove,2024-06-24 07:00:00
383,28,Add,2024-04-28 07:00:00
161,25,Add,2024-03-10 01:00:00
201,19,Remove,2024-02-27 20:00:00
369,4,Add,2024-11-02 20:00:00
308,34,Remove,2024-03-19 23:00:00
377,32,Remove,2024-12-19 14:00:00
33,25,Remove,2024-06-19 19:00:00
73,22,Remove,2024-04-17 14:00:00
462,28,Remove,2024-06-24 05:00:00
352,18,Purchase,2024-06-14 22:00:00
293,7,Add,2024-02-27 02:00:00
198,11,Add,2024-09-01 12:00:00
325,42,Remove,2024-06-20 07:00:00
388,11,Add,2024-03-06 06:00:00
316,9,Purchase,2024-07-07 16:00:00
240,35,Add,2024-03-11 00:00:00
464,37,Purchase,2024-02-05 14:00:00
74,23,Add,2024-03-08 11:00:00
31,33,Remove,2024-07-26 20:00:00
479,1,Add,2024-07-28 13:00:00
14,20,Purchase,2024-12-13 10:00:00
205,5,Add,2024-01-16 14:00:00
316,29,Add,2024-08-09 23:00:00
68,26,Add,2024-09-12 12:00:00
128,38,Purchase,2024-05-24 03:00:00
494,3,Add,2024-01-12 17:00:00
26,21,Remove,2024-11-10 07:00:00
408,13,Remove,2024-01-12 03:00:00
184,31,Remove,2024-07-08 07:00:00
137,17,Remove,2024-04-02 01:00:00
291,35,Add,2024-12-14 03:00:00
106,23,Remove,2024-12-29 20:00:00
463,3,Remove,2024-08-01 09:00:00
24,45,Add,2024-10-13 14:00:00
415,2,Add,2024-07-19 08:00:00
339,3,Add,2024-08-18 01:00:00
450,20,Add,2024-04-12 08:00:00
194,48,Add,2024-05-30 11:00:00
169,44,Remove,2024-11-22 18:00:00
36,9,Purchase,2024-10-04 23:00:00
101,48,Add,2024-01-16 07:00:00
34,4,Remove,2024-08-09 18:00:00
377,25,Add,2024-05-13 01:00:00
39,50,Add,2024-03-02 01:00:00
211,1,Remove,2024-05-02 09:00:00
230,39,Purchase,2024-10-25 19:00:00
279,12,Add,2024-11-07 02:00:00
80,40,Add,2024-02-28 15:00:00
238,40,Add,2024-02-04 07:00:00
172,24,Add,2024-03-16 17:00:00
326,9,Remove,2024-10-14 12:00:00
442,46,Remove,2024-03-25 02:00:00
59,20,Remove,2024-04-11 22:00:00
410,5,Add,2024-01-03 00:00:00
22,20,Purchase,2024-09-03 19:00:00
365,21,Add,2024-07-17 08:00:00
367,2,Remove,2024-01-01 09:00:00
344,21,Add,2024-04-18 11:00:00
238,42,Remove,2024-11-22 09:00:00
296,24,Remove,2024-05-06 06:00:00
341,9,Purchase,2024-01-15 18:00:00
94,39,Add,2024-02-15 17:00:00
244,30,Remove,2024-04-15 02:00:00
11,18,Remove,2024-11-21 21:00:00
117,44,Remove,2024-02-24 21:00:00
265,43,Add,2024-10-23 13:00:00
12,10,Add,2024-08-10 20:00:00
154,45,Add,2024-09-04 07:00:00
38,41,Add,2024-11-16 02:00:00
499,48,Remove,2024-09-02 05:00:00
