session_id,page_id,time_spent,clicked_cta
1833,50,61,0
1837,61,244,0
1895,41,362,1
1642,14,205,0
137,5,448,1
190,75,306,1
1664,5,110,0
342,64,105,0
1583,29,101,0
1029,75,33,0
972,5,510,0
1281,96,442,1
1836,36,383,1
662,79,77,0
1830,19,258,0
243,64,520,0
1811,22,554,0
1744,34,24,1
415,56,539,1
1651,17,425,0
707,76,450,0
343,89,140,0
682,56,509,0
1403,17,305,0
1618,74,37,1
1690,92,282,0
653,82,137,0
1850,18,531,0
146,45,130,0
323,96,349,0
122,78,21,0
1276,56,566,1
1879,80,382,1
1923,50,64,0
311,58,471,0
601,18,395,1
475,80,191,1
570,81,502,0
1516,7,365,0
575,76,453,1
347,98,185,0
820,10,134,0
1511,69,153,0
1497,85,476,1
382,3,504,0
1304,83,359,0
72,44,215,1
521,99,34,0
1390,70,581,1
933,14,28,0
1118,4,226,0
1397,18,593,1
339,93,584,1
1461,99,405,0
1360,52,516,1
664,38,92,0
1516,80,469,0
1941,20,54,0
1892,88,107,0
40,99,372,0
1383,44,496,1
574,51,562,1
1278,19,272,1
966,68,401,0
581,97,324,0
1422,66,524,0
1781,13,453,0
1901,62,480,0
170,61,594,1
1714,30,244,1
701,98,262,0
511,30,394,0
1284,51,347,0
584,88,391,0
984,48,398,0
459,33,274,1
529,74,153,0
1906,82,384,0
341,19,32,1
57,71,153,0
218,57,424,0
619,19,284,0
816,88,186,1
1964,79,170,1
1709,41,21,1
731,42,154,1
464,87,343,0
247,52,49,0
730,4,506,0
373,4,193,0
417,5,65,1
1055,41,298,0
368,87,37,0
559,61,303,0
1670,75,419,1
108,55,553,0
584,75,435,0
839,13,499,0
418,14,104,1
1644,60,27,0
821,72,424,0
1422,25,428,1
1296,82,491,0
683,44,93,1
1140,82,213,0
1865,10,275,0
1610,71,410,1
256,50,282,0
1105,44,210,1
780,14,594,0
1152,15,332,0
838,16,340,0
915,2,596,0
235,30,42,0
553,30,232,0
181,82,487,0
157,31,138,1
1478,77,394,1
571,20,429,0
857,49,591,0
1785,35,514,0
1728,23,599,1
1048,97,431,0
1497,99,478,0
1424,100,572,0
948,61,365,0
592,84,215,0
134,55,183,0
421,67,62,0
213,8,77,0
900,40,219,1
482,59,77,0
348,32,471,0
166,93,275,0
937,7,503,1
348,2,358,1
849,85,238,0
398,6,323,0
583,92,23,0
726,36,579,0
1459,32,376,0
1601,45,188,1
1245,42,281,0
308,53,149,0
991,9,85,0
798,75,326,0
1721,87,439,0
719,75,47,0
466,49,317,0
99,2,297,0
1266,67,73,0
158,11,60,1
610,50,208,0
554,35,424,1
651,15,571,1
1819,75,554,1
920,31,247,0
227,92,205,0
423,62,478,0
1096,28,531,1
243,96,81,1
530,25,482,0
1613,84,444,1
1069,92,267,0
1496,25,189,0
371,75,59,0
1879,83,312,0
652,92,520,1
689,1,303,0
734,59,556,0
1951,69,234,0
92,74,381,1
1046,42,290,0
172,34,142,0
1628,100,482,1
1216,66,11,0
1101,18,423,1
1305,77,476,0
1388,5,424,0
179,20,280,0
238,66,565,0
1159,75,575,0
877,62,94,0
902,94,286,0
280,96,552,1
1043,32,175,0
1619,58,359,0
740,50,208,0
371,38,293,0
1801,55,466,0
1136,28,177,0
1787,74,305,0
1700,86,533,0
870,81,144,0
1704,22,282,0
1019,43,515,1
221,83,350,1
920,81,144,0
304,88,118,1
1727,36,584,0
1349,96,511,0
1461,52,370,1
438,36,401,0
1194,28,115,0
375,78,362,0
1581,58,242,1
381,36,7,0
986,70,408,0
14,9,29,1
743,21,513,0
669,64,469,0
500,76,65,1
1670,61,512,0
1415,94,127,0
1573,95,501,1
565,40,59,1
530,56,167,1
492,4,43,1
1574,31,87,0
1723,27,550,1
1409,58,117,0
1220,25,429,0
755,69,234,0
300,70,287,1
815,5,291,0
547,91,159,1
727,8,169,0
731,9,186,0
828,15,243,0
602,100,343,0
1332,7,516,0
1276,96,270,0
1032,72,191,0
768,15,44,0
875,37,497,0
1232,83,395,0
937,39,264,0
131,6,180,0
1760,83,333,0
1733,57,204,0
1678,92,200,1
1788,81,593,1
608,19,535,0
26,63,66,0
1647,31,331,0
1478,75,285,0
635,79,231,0
1210,10,62,0
484,87,481,1
680,67,380,0
1075,62,247,1
1915,3,371,0
5,18,504,1
589,25,256,0
1184,20,326,0
208,58,380,1
257,93,413,0
1229,86,492,0
1791,50,347,1
1974,79,244,0
11,10,143,0
949,21,126,0
8,29,424,1
1433,96,565,1
936,10,308,0
32,13,119,1
540,47,347,1
1742,23,255,0
1005,50,11,0
387,87,593,0
1252,95,183,0
640,4,149,0
1791,67,420,0
1499,85,125,1
1748,53,128,0
1775,2,154,0
207,68,401,0
1342,65,385,0
1819,79,5,0
1781,57,248,1
557,97,402,1
1641,70,255,0
348,7,580,0
793,19,303,1
234,44,301,0
1725,63,504,0
1068,65,119,0
1006,39,5,0
737,83,557,1
942,26,486,0
1166,44,514,0
1672,12,339,1
176,22,469,0
1678,77,145,0
449,92,587,1
592,14,141,0
82,86,171,1
135,30,347,0
1743,44,414,0
856,84,69,0
1201,91,585,0
1407,38,71,0
1267,59,437,0
1591,42,54,0
1165,52,318,0
1481,63,313,0
440,61,119,0
1080,34,573,1
1551,39,346,1
697,41,534,0
1850,37,499,0
419,65,273,0
88,79,84,1
1633,32,460,0
656,8,303,1
1032,97,206,0
1501,18,507,0
215,45,489,1
1709,93,589,0
1759,96,564,0
552,33,22,1
1521,5,482,0
1718,82,492,0
503,74,450,1
1806,36,344,0
699,97,535,1
245,23,120,0
1502,40,78,0
309,5,273,0
231,34,120,1
1407,24,168,1
155,17,587,0
1199,95,226,0
848,71,130,0
115,81,180,1
1414,92,379,0
311,22,502,0
993,15,89,0
300,15,387,0
1042,25,467,0
784,53,455,1
12,21,522,0
1428,66,554,1
1837,91,120,0
1728,32,12,0
232,21,222,0
955,68,594,0
1629,44,408,0
730,83,571,0
1302,66,308,1
1377,90,471,0
1018,98,92,0
999,14,14,0
303,15,312,1
541,20,438,1
470,34,168,0
813,36,243,0
77,83,321,1
1020,9,339,1
1545,71,22,1
24,30,75,0
1039,77,179,0
676,91,343,0
525,63,252,1
347,35,197,0
172,13,423,1
1893,79,329,0
1351,46,310,0
712,56,208,0
1509,9,127,0
489,87,574,0
1486,36,451,0
378,3,495,0
1612,98,437,1
1188,19,132,0
372,28,552,1
1597,23,51,0
1000,7,509,1
977,76,119,1
1448,14,420,0
757,46,227,0
477,15,507,0
382,67,100,1
155,15,111,1
257,51,36,0
1780,88,497,0
674,8,70,0
68,69,183,0
344,62,447,0
1301,51,553,0
673,63,205,0
391,68,53,0
1473,78,267,1
259,16,137,1
307,84,348,0
1871,24,180,1
1119,6,395,1
950,57,15,0
1488,31,205,0
970,6,7,0
246,99,218,0
733,79,311,0
1659,29,548,0
187,67,564,1
1798,75,331,0
925,3,203,0
785,28,113,0
1397,74,295,0
1596,97,112,0
1430,48,412,0
408,80,556,0
1149,10,56,0
1361,33,116,0
341,100,299,0
563,67,584,0
1202,69,193,0
651,12,69,1
952,57,578,1
1863,44,469,0
1194,13,262,0
1063,24,335,1
69,44,505,0
1260,57,214,0
1584,96,93,0
381,16,32,1
57,96,242,0
1301,100,340,0
850,21,67,0
1123,76,557,1
916,51,504,0
1551,21,545,1
325,60,473,0
461,51,596,1
179,21,55,0
844,6,116,1
574,73,305,1
119,65,94,0
1493,76,233,0
549,58,154,0
646,78,142,0
1479,6,139,0
26,65,461,1
1514,86,498,0
1032,34,531,0
969,56,337,0
1540,75,366,1
533,3,178,0
1951,42,217,1
149,62,347,0
1512,6,65,1
1049,6,65,1
655,63,528,0
1781,20,220,0
1955,21,593,0
945,2,582,1
555,90,427,1
425,95,427,0
293,90,375,0
1209,56,210,1
554,96,290,0
431,10,109,1
604,87,547,0
317,70,246,1
398,23,495,1
1348,92,502,1
1589,30,439,1
596,78,488,1
546,37,451,0
76,55,388,1
865,96,514,1
1944,49,174,1
916,34,327,0
709,44,478,0
486,22,236,0
1822,31,363,0
1112,7,279,1
747,21,36,1
1256,16,181,0
1031,20,69,0
1828,43,31,0
550,44,483,0
976,47,272,0
1076,19,70,0
1679,48,137,1
942,96,370,1
919,79,86,0
1420,69,332,1
1245,11,102,0
1452,79,589,0
1776,29,331,0
1167,45,546,1
1885,68,129,0
363,36,214,0
382,48,137,0
1585,87,507,1
1301,15,161,1
271,44,563,0
1038,67,386,0
298,96,26,0
1004,74,599,0
1488,40,423,0
1551,86,476,0
234,14,238,1
575,63,576,0
1732,81,458,1
27,85,574,1
1495,51,166,1
93,79,305,0
617,58,310,1
309,15,6,1
52,65,275,0
319,88,425,1
1993,55,147,0
181,76,539,0
1593,10,41,0
1144,42,111,1
1844,95,301,1
875,11,101,0
1067,16,285,0
647,73,114,1
1909,78,553,0
1962,19,556,0
1284,31,192,1
197,73,492,0
645,100,358,1
971,53,23,0
255,90,397,0
732,8,265,1
336,24,414,0
1577,8,407,0
1526,83,488,0
990,48,308,0
900,30,22,0
1279,58,188,0
514,86,409,1
1731,55,135,1
242,73,483,0
149,62,12,0
1734,48,322,1
1323,4,395,0
757,37,523,0
1874,8,140,0
620,1,535,1
453,92,371,0
1417,70,493,0
212,47,15,0
668,100,557,1
1562,75,450,0
594,5,118,0
1619,50,200,0
131,24,327,1
1353,47,516,0
612,18,169,1
256,84,256,1
1503,28,48,1
561,77,474,1
1937,5,493,0
63,30,185,1
1335,1,81,0
407,86,378,0
802,82,71,0
1129,46,529,0
1641,69,96,0
1861,31,248,0
15,70,345,0
1711,91,308,0
259,56,402,0
723,89,452,0
1436,93,101,0
1283,28,335,0
614,16,209,1
1284,54,453,1
1880,53,422,0
1695,12,81,1
1069,20,553,0
1979,82,429,1
813,34,433,0
1787,53,489,0
331,64,139,1
165,23,258,0
1217,27,564,0
1545,17,259,0
1425,48,503,0
1398,21,488,1
1089,50,50,0
387,40,447,1
1519,95,586,0
1818,3,583,0
1717,17,8,0
1439,61,5,0
1818,50,294,0
1815,90,113,1
1054,87,579,0
1290,6,464,0
328,28,270,1
1516,72,142,0
1241,55,438,0
320,58,48,1
1942,45,514,0
399,72,266,0
1915,19,156,1
105,29,217,0
696,23,238,0
1017,32,365,0
330,10,324,0
660,91,226,0
1641,49,214,0
1071,65,400,1
599,29,587,0
821,59,493,1
1973,45,468,0
641,67,456,0
1794,51,417,1
314,95,480,0
1171,11,260,0
1982,86,154,1
462,82,131,1
1608,99,396,0
486,6,484,1
1676,67,401,0
410,62,406,0
27,5,278,0
1053,9,143,1
271,28,107,0
686,83,246,1
501,92,121,0
1277,91,218,0
385,77,488,0
60,38,533,0
1131,43,228,0
220,21,274,0
1465,91,138,1
771,62,118,0
1907,46,445,1
1682,70,369,0
564,38,236,0
1596,49,462,0
546,75,379,0
96,81,211,1
989,39,524,0
1113,71,472,1
828,30,447,1
1946,21,325,1
231,1,97,0
968,89,412,0
275,32,162,0
246,8,103,1
111,69,229,0
234,30,445,0
1302,8,589,0
1501,19,405,1
417,59,575,0
678,55,68,0
1152,30,564,1
1261,79,283,0
803,36,523,1
619,55,252,0
1152,44,372,1
707,27,102,1
851,77,272,0
1418,78,64,0
475,54,504,0
655,48,312,0
395,30,497,0
111,39,415,0
90,13,144,0
763,16,332,0
1304,44,468,0
1357,71,167,0
1248,27,64,1
1125,45,35,0
132,35,337,1
1037,79,80,0
457,28,321,0
1465,99,421,0
98,7,194,1
1144,62,493,0
293,51,319,1
1840,46,300,0
1735,20,505,0
1025,96,181,1
572,38,219,0
250,61,336,1
652,32,132,0
149,26,273,0
1419,58,555,1
44,39,539,1
1907,20,370,0
1722,82,352,0
1644,50,146,1
1068,79,149,1
1102,52,249,0
1250,86,446,1
162,22,294,0
1817,53,116,0
253,85,218,1
132,66,204,0
1472,43,409,0
1908,82,425,0
1911,23,11,0
474,77,529,0
1680,64,596,0
1802,9,290,1
1133,7,393,0
706,41,420,0
1059,54,154,1
1491,65,432,0
1926,2,297,0
275,4,338,0
187,78,276,1
949,32,47,0
243,100,472,0
264,2,323,0
1998,64,496,0
522,14,531,0
963,20,176,0
1702,89,325,1
1565,49,48,0
783,8,536,1
1111,92,458,0
535,63,87,0
210,46,547,1
46,21,326,0
1491,87,238,0
1564,32,544,1
26,8,256,1
1290,95,453,1
175,16,243,1
1540,40,494,0
1335,27,468,0
322,18,318,1
1603,35,179,0
1159,52,184,0
55,15,389,0
2000,63,299,1
1567,53,219,0
1610,91,79,0
1555,81,348,0
1180,66,146,0
1873,31,203,1
668,61,175,0
147,64,410,0
1509,98,232,0
599,34,415,0
20,55,66,0
1293,59,331,0
333,3,137,0
1579,17,588,1
907,78,594,0
944,78,193,0
911,46,360,0
401,38,75,0
950,35,267,0
1330,1,310,0
28,29,562,0
467,4,228,1
1284,61,332,1
1558,97,592,1
982,17,78,0
1911,28,515,1
101,50,146,0
551,90,589,1
802,8,106,0
353,34,585,0
1324,59,69,0
1706,18,197,0
296,95,66,0
353,59,536,0
908,27,245,0
1154,16,414,0
1019,10,304,0
1180,76,199,0
1098,22,458,0
1366,16,578,0
1489,12,305,1
1114,75,460,1
1603,84,206,0
455,51,306,0
1772,1,341,0
712,27,36,0
980,67,102,0
1356,12,195,0
739,30,545,0
977,9,52,0
1372,53,254,0
233,61,230,1
1802,54,276,1
1622,37,489,0
1024,65,332,0
102,42,184,0
953,49,27,0
481,4,374,0
1238,64,249,0
108,79,164,1
1189,51,377,0
973,91,289,0
1627,72,525,1
704,60,454,0
335,87,585,0
86,79,140,0
734,91,100,0
875,31,123,0
1448,72,378,0
1637,94,278,0
1762,58,181,1
364,82,281,0
60,4,142,0
1506,22,136,0
1274,3,48,0
560,79,127,0
117,99,140,1
1763,47,371,0
874,38,377,0
915,33,130,0
968,78,443,0
999,48,580,0
1569,65,55,0
44,26,141,0
509,8,162,0
1189,50,60,0
1392,80,597,0
1881,38,432,0
1316,10,447,1
849,42,330,0
1880,37,84,1
917,26,478,1
898,92,381,0
799,12,337,1
876,84,179,0
1761,49,445,1
286,14,130,0
1228,46,223,1
684,35,282,1
1548,29,489,0
819,12,599,0
121,82,145,0
945,44,114,1
1780,66,56,0
1688,2,323,0
1688,59,203,1
1018,17,50,0
1212,10,509,0
907,18,544,0
13,22,518,0
603,83,21,0
200,58,319,0
586,53,440,0
1792,1,392,0
1480,88,81,0
448,61,375,0
1812,100,169,0
1864,89,28,0
841,100,39,0
1095,31,518,1
590,31,465,0
1820,66,142,0
1154,19,578,0
889,53,575,0
43,76,269,0
520,74,337,0
1037,95,192,0
725,22,67,0
623,23,283,0
988,87,546,1
803,15,175,0
535,26,507,0
302,3,537,0
1790,87,303,0
527,20,205,1
1666,40,139,0
1597,39,276,0
1139,72,539,0
460,18,446,1
832,41,91,0
505,70,35,1
1332,27,125,0
932,100,73,0
1987,15,500,1
325,37,150,0
579,58,337,0
761,5,485,0
1199,73,267,0
851,7,297,0
1538,41,433,0
1196,84,90,0
960,10,20,0
502,62,122,0
334,26,274,1
284,68,399,0
475,24,166,0
1078,78,108,0
1482,41,171,1
1603,65,304,0
1444,17,32,1
1638,24,428,0
632,27,566,0
703,7,160,0
409,73,328,0
982,99,352,0
1328,12,125,0
1959,85,532,1
559,3,565,0
222,79,168,0
1557,85,66,0
158,10,344,0
348,33,316,0
1183,46,380,0
889,59,350,1
1908,52,154,0
922,6,589,1
1259,2,585,0
662,29,181,0
405,40,358,0
1281,97,518,0
677,61,313,0
589,68,123,0
1621,68,523,0
558,29,482,0
905,62,418,1
1937,60,591,1
1071,84,355,0
1237,41,510,0
479,87,199,0
487,82,191,0
1595,89,454,1
566,65,500,0
1366,64,519,0
524,79,277,0
704,63,56,0
1527,98,267,0
1030,48,372,0
821,20,137,1
1168,37,229,0
858,64,314,1
1285,91,577,1
585,86,20,1
686,5,199,1
232,34,447,0
270,39,307,1
940,67,52,1
1471,81,125,0
874,62,503,0
1246,88,566,0
52,24,473,0
116,3,45,0
538,71,460,0
1589,89,538,1
1901,67,375,0
541,79,186,1
1043,93,521,1
815,50,594,0
1416,29,235,0
791,74,352,0
1653,32,483,0
618,87,213,0
419,39,282,0
309,9,57,1
1763,14,14,0
864,68,468,0
186,64,587,1
261,20,162,0
1552,28,23,0
1297,14,59,1
160,44,25,0
870,98,286,0
762,77,544,1
224,95,421,0
1280,97,289,0
180,39,536,0
20,28,536,1
1648,64,515,0
632,89,400,0
1730,32,124,0
1492,9,101,0
1647,28,124,0
1234,95,541,1
1537,17,157,1
58,87,249,0
1117,77,520,0
1245,55,397,0
723,10,147,0
1964,80,508,0
1256,6,224,1
1798,48,164,0
1388,75,80,1
615,67,36,1
562,92,338,0
374,41,529,0
622,79,444,1
1480,60,356,0
88,77,343,1
1044,42,404,0
1014,81,400,1
14,71,206,0
133,28,534,0
1961,13,97,0
1832,81,362,1
1058,15,400,1
892,36,64,0
1232,92,481,0
1837,15,5,1
1223,75,559,0
592,56,315,0
583,95,172,0
1179,4,196,1
1614,99,38,0
1102,98,38,0
1196,52,421,1
289,91,162,0
1569,10,504,0
1836,94,370,0
1812,45,344,0
1013,84,339,1
879,29,587,0
1444,53,331,1
7,29,118,1
1184,23,422,0
240,57,472,0
1987,50,147,0
1447,21,313,1
536,43,405,0
1750,10,324,1
70,76,216,1
1904,30,321,0
216,51,189,0
1128,33,209,1
1751,18,368,1
1078,78,220,1
806,22,250,0
330,64,243,0
848,21,395,1
1227,1,524,0
1312,15,594,1
45,36,281,1
829,47,206,0
198,54,218,0
1240,86,482,1
1505,32,512,1
1333,58,79,1
896,46,146,0
1459,54,594,1
332,33,326,0
696,39,465,0
27,23,150,1
1190,43,58,0
318,55,360,1
1298,2,281,0
1407,66,599,0
365,38,404,0
1127,29,520,1
960,67,503,0
1527,71,315,1
1869,36,275,0
373,29,580,0
1640,37,453,0
1950,100,116,0
245,87,243,0
1841,45,148,0
1193,16,378,0
1652,31,24,0
1677,34,580,0
1442,50,293,0
1380,65,597,1
478,82,201,1
125,62,386,0
537,43,585,0
706,56,496,0
1920,15,168,1
1636,48,253,0
1426,49,72,1
1541,81,25,0
531,44,516,0
1706,10,394,1
786,20,540,0
254,70,115,0
121,8,599,0
1056,45,464,1
661,34,82,1
1802,96,438,1
1061,51,384,1
1713,4,444,1
1366,39,343,1
1037,84,428,0
1207,24,173,0
1681,88,266,0
1289,55,583,0
88,26,233,0
1964,25,165,0
1486,36,431,1
46,71,126,1
1416,74,153,0
1143,58,115,0
933,12,225,0
1555,1,68,0
1471,50,358,1
1756,25,478,0
1966,80,489,0
745,5,17,0
1630,83,157,0
967,68,243,0
763,6,194,1
762,26,90,1
794,55,25,0
744,39,323,0
1070,9,162,1
1910,45,485,1
1532,14,80,0
558,55,333,0
1995,9,420,0
526,15,207,0
597,37,233,0
1855,50,156,1
840,84,76,1
3,72,229,0
1052,96,477,0
1405,21,364,0
157,57,544,0
855,19,50,0
1938,93,5,0
1955,58,249,1
511,95,223,0
1357,6,295,0
1868,4,462,0
687,43,208,0
1138,93,206,0
1413,42,570,1
1511,3,486,0
1867,1,515,0
1274,55,282,0
571,15,20,0
715,47,529,0
1339,85,360,0
239,46,360,0
1258,58,82,0
303,95,71,1
607,71,218,0
991,81,453,0
1677,83,437,0
334,39,549,0
113,3,119,1
1645,30,424,0
362,35,503,0
1881,57,384,0
801,29,147,0
97,50,28,0
1982,62,543,0
1871,52,79,1
16,14,539,0
556,35,45,0
1978,28,572,0
376,58,417,1
742,30,419,1
390,90,453,1
620,7,440,0
1241,39,556,1
1423,95,243,0
1284,69,46,0
824,35,14,0
320,52,269,0
196,14,585,0
1502,63,449,0
418,36,143,1
1499,91,200,0
607,24,78,0
568,40,229,1
544,29,106,0
231,53,268,0
884,22,165,0
521,72,237,0
703,15,495,0
1897,69,315,0
1224,64,231,0
846,4,277,0
673,75,321,0
1623,18,90,0
21,42,295,0
1335,30,473,1
588,15,582,0
1977,70,408,0
898,55,431,1
1677,53,379,1
1662,16,571,1
1787,73,256,0
1924,34,537,0
1620,27,311,1
1458,13,434,0
371,100,268,0
1584,27,72,1
1915,73,111,1
78,69,404,0
1566,86,583,1
1309,31,203,1
648,3,196,0
140,30,518,0
553,21,446,0
998,99,5,0
282,6,362,0
1586,92,119,1
1282,32,201,1
1847,42,278,0
1384,62,164,0
440,89,177,0
270,32,549,1
1158,99,462,1
746,86,589,1
1664,88,437,0
104,39,485,1
766,64,459,0
95,30,200,0
1873,63,313,1
729,96,560,1
1597,31,498,0
480,87,443,1
780,40,363,1
1265,33,40,1
13,63,38,0
1171,25,92,0
1964,36,20,1
1776,24,425,0
601,95,557,0
95,58,130,0
1851,39,12,1
293,46,476,0
25,77,472,0
1296,10,514,0
1529,87,406,0
1190,82,180,0
939,32,371,0
762,97,492,0
1111,36,22,0
654,28,60,0
1670,16,39,1
985,16,577,1
1815,18,351,0
638,8,36,0
1852,80,137,0
491,75,580,0
1932,70,203,1
1165,1,260,0
1892,62,346,1
1127,76,235,0
1250,38,305,0
1926,92,551,1
575,45,30,1
294,58,539,1
896,81,478,1
1330,1,391,0
1278,32,289,1
1204,8,454,1
40,40,324,1
776,56,160,0
1725,63,475,0
520,88,424,1
1640,74,117,0
1761,74,426,0
546,36,289,0
236,89,576,0
463,57,58,1
1252,74,329,0
1724,83,462,0
1849,45,269,0
483,79,386,1
430,80,217,0
1046,2,337,0
343,93,14,1
1064,68,362,1
1197,50,207,0
1463,29,62,0
1203,95,498,0
1622,81,514,0
133,10,227,0
351,27,373,1
1549,15,422,0
1564,60,551,0
506,31,107,0
84,21,165,1
993,60,204,1
1488,58,164,1
830,41,140,0
861,46,402,0
343,45,396,1
1304,26,110,0
866,51,587,0
1287,36,593,0
1190,52,58,0
293,81,281,1
1533,51,115,1
1604,3,228,0
1250,14,79,0
1194,49,510,1
598,77,18,0
645,91,486,0
448,1,193,0
690,57,368,1
1002,17,243,0
855,50,405,0
502,98,308,0
764,14,95,0
1551,59,396,0
735,81,188,0
1403,3,21,0
1225,98,16,0
1643,40,170,0
250,89,150,1
1973,66,286,0
1433,34,553,0
601,90,586,0
125,95,173,0
113,9,174,1
981,94,350,0
1161,84,503,0
1783,21,464,0
1520,93,301,0
1702,25,146,0
150,44,57,0
875,25,122,0
343,9,369,0
1969,62,140,0
580,26,418,0
1757,57,81,0
783,37,561,0
321,16,22,0
822,37,407,1
1950,76,209,1
1885,24,503,0
532,26,328,0
1313,20,599,0
1513,9,566,0
492,87,285,0
612,29,170,0
252,31,247,0
1101,19,483,0
1671,20,168,0
1416,87,328,1
1436,27,572,0
173,94,555,1
875,85,212,0
201,44,319,1
217,35,308,0
376,71,243,1
1744,22,228,1
1610,74,92,0
11,87,541,1
1823,15,433,1
1792,94,224,0
1036,98,279,1
892,13,70,1
1614,4,596,1
435,82,427,0
1708,56,259,0
1632,23,129,0
818,97,150,0
1397,98,389,1
1297,34,451,0
931,100,391,0
1921,99,387,0
1949,17,281,0
691,28,386,0
1600,14,128,1
1533,34,271,0
1156,75,115,0
855,57,385,0
1948,77,162,0
784,97,552,1
319,55,122,0
844,66,332,1
1973,98,72,1
1877,93,438,0
621,37,363,0
785,68,447,0
1192,76,168,0
397,26,365,0
1204,61,589,1
1082,92,123,0
1504,67,199,0
1957,84,592,0
1615,74,245,0
460,52,513,0
61,18,569,0
369,53,146,0
1145,63,35,0
719,53,227,0
546,27,270,0
1606,31,286,0
1041,91,385,0
496,1,560,0
497,6,66,0
505,11,525,0
1556,34,75,0
969,84,540,0
1339,63,144,0
1093,53,320,0
1751,85,344,0
161,85,594,1
1638,18,532,1
1912,21,545,0
718,19,420,0
1169,4,471,0
1593,77,379,1
1619,82,295,1
993,29,47,0
1409,25,57,1
269,56,236,0
1947,77,216,0
1478,63,12,0
699,27,487,1
1542,60,46,1
865,83,337,0
350,49,237,1
110,65,74,0
1507,38,20,0
407,83,73,1
650,52,57,1
51,1,383,1
1427,40,467,0
1587,81,531,1
1500,21,67,0
1111,86,265,0
1092,15,504,0
596,50,125,1
979,48,244,0
1066,32,469,0
731,49,111,0
57,68,184,0
738,45,20,0
196,32,359,0
1784,4,313,0
1702,65,593,0
1086,97,185,0
1287,71,178,1
112,73,358,0
765,65,358,0
711,80,223,1
1202,18,319,0
948,54,438,1
26,47,286,1
410,6,263,0
758,66,563,0
531,9,9,0
1801,68,578,0
1341,23,398,1
1556,43,340,0
1130,51,67,1
749,72,48,0
1842,25,157,0
1488,80,160,0
246,35,482,0
1105,17,279,0
662,18,362,0
909,27,430,1
396,15,536,0
522,81,487,1
1857,69,218,0
1760,80,83,0
926,15,143,0
264,42,102,0
1685,34,202,0
790,48,160,1
1298,83,54,1
1730,8,483,0
1968,10,232,0
172,5,461,0
265,48,526,0
1987,26,153,1
1846,86,62,0
1050,23,166,1
1493,62,481,1
1886,13,111,1
476,9,431,0
356,20,399,0
1050,92,190,1
34,57,562,0
264,24,450,0
1162,33,452,0
816,20,91,0
1719,60,253,1
875,48,444,0
754,64,261,1
566,30,281,0
462,73,442,0
1192,17,520,1
1655,100,581,0
655,14,206,1
81,19,579,0
757,71,184,1
1938,59,329,0
1888,67,479,0
870,97,404,1
1431,44,221,0
1598,32,457,0
1070,11,408,0
599,2,244,0
1635,90,190,0
807,68,52,0
1935,17,390,1
1077,81,212,0
984,92,161,1
704,94,229,0
1983,40,148,0
476,87,423,0
592,46,115,0
16,88,469,1
1384,93,136,1
487,4,338,1
1862,38,79,0
706,63,416,0
1526,29,523,0
1165,19,40,0
620,91,227,0
1839,29,534,0
1019,100,245,1
777,35,138,1
447,70,395,0
290,23,106,0
209,46,502,0
1499,44,515,0
413,48,541,0
677,52,549,0
1451,8,347,1
1878,55,10,1
1395,66,198,1
1856,77,141,1
664,40,477,0
1991,85,220,0
290,31,353,0
1456,48,187,0
1292,100,172,1
151,61,42,0
1743,52,475,0
1279,38,456,0
1377,91,494,0
1401,36,146,0
1677,87,107,0
855,55,46,1
1382,85,151,1
608,13,70,0
1965,37,197,0
370,47,302,0
1251,90,42,0
705,71,506,0
1327,22,432,1
826,39,356,1
1005,87,330,1
1413,58,42,0
377,30,101,0
973,18,112,0
118,18,155,0
1029,74,78,1
444,39,61,1
1376,94,339,0
755,26,256,0
1557,71,258,1
1688,7,389,0
640,69,460,0
124,65,263,1
658,46,469,0
1301,18,38,1
822,13,499,0
1418,25,330,1
664,8,242,0
360,74,545,0
623,32,470,0
1493,17,308,1
1652,79,121,1
1724,79,211,0
1081,48,485,1
1275,63,407,0
1920,40,591,0
919,84,237,1
1174,15,288,0
452,99,484,0
1186,6,13,0
120,94,383,0
582,63,385,0
1948,8,364,1
1375,95,180,1
99,32,489,0
1191,45,409,0
1834,52,37,1
1687,79,469,1
1862,82,161,1
2000,13,569,1
514,24,206,1
664,40,179,0
401,14,248,0
365,92,273,1
1601,75,450,1
1350,70,78,0
581,62,100,0
1657,89,177,1
621,61,410,0
828,1,159,0
247,89,187,0
434,66,327,0
1117,32,293,0
1292,13,262,0
615,33,591,0
943,32,178,1
963,56,334,0
624,24,235,1
321,91,165,1
1947,4,190,0
1840,88,147,0
856,23,286,0
62,29,31,1
300,98,250,0
403,21,491,0
955,30,206,1
1672,90,25,0
1591,20,595,0
1644,16,98,1
1327,67,12,1
1794,49,476,0
253,58,343,0
1758,44,263,1
478,25,59,0
1393,23,552,1
1703,59,10,0
1965,1,381,0
160,97,558,1
961,15,54,0
1190,81,116,0
205,98,150,0
1291,81,234,0
1162,52,501,0
1392,58,310,0
1467,41,546,1
858,44,465,0
760,4,230,1
1591,77,63,1
1940,68,80,1
721,7,432,0
1041,46,136,0
68,9,502,1
133,87,597,1
1724,33,309,0
919,33,71,0
430,84,234,0
308,4,337,0
650,65,281,0
1198,34,588,1
412,91,148,0
97,85,255,0
1707,88,84,0
1178,79,61,1
1719,99,370,1
1266,64,312,1
1328,25,178,0
1309,55,466,0
1051,9,497,1
1426,17,564,0
1384,21,378,0
1084,60,353,0
202,13,71,0
762,3,334,0
874,68,198,0
581,4,159,0
1994,92,164,0
370,7,270,1
533,26,172,0
1176,75,149,1
1126,24,190,1
899,10,427,1
607,13,461,0
1470,44,349,0
873,39,558,1
1253,19,520,0
1149,51,108,0
770,19,251,0
834,76,27,1
999,52,529,1
1905,86,148,0
938,47,197,0
236,30,469,0
162,46,379,0
554,76,270,0
788,93,382,1
1377,21,554,0
1092,75,560,0
1197,48,78,1
1867,62,442,1
1661,58,230,0
1706,18,312,0
559,59,352,1
261,91,480,1
217,48,319,1
1841,63,529,0
1148,12,429,0
805,87,528,0
1186,34,566,0
201,61,253,0
1478,87,573,1
402,53,186,0
1486,25,110,1
275,62,195,1
206,4,141,1
1064,94,124,0
1297,94,76,0
1724,13,135,0
867,42,461,0
93,49,483,1
1066,78,56,0
1489,56,578,0
379,47,123,1
1131,8,268,0
1352,55,243,0
65,88,355,1
365,18,259,1
821,35,313,0
1508,89,499,1
1671,81,61,0
1925,32,407,0
1048,24,71,0
540,7,50,1
1086,13,373,0
491,91,236,0
1297,69,406,0
229,100,565,0
1044,90,27,0
3,42,578,0
1445,31,271,0
1754,74,122,0
911,26,59,0
307,86,157,0
432,76,243,0
136,32,269,0
1933,91,272,1
1968,97,117,0
515,52,170,1
193,20,12,0
1609,40,221,1
1439,59,435,0
873,77,296,0
1142,14,54,0
666,44,111,0
209,86,13,1
952,82,460,0
1058,48,327,0
649,93,313,0
1342,43,149,1
120,16,416,1
627,35,118,0
525,53,579,1
1605,34,403,1
1961,3,279,1
1869,68,128,0
769,5,90,1
1113,10,586,0
512,52,51,0
47,29,205,0
772,96,280,0
740,31,553,0
1983,66,134,1
1716,76,452,1
522,91,393,1
1308,69,580,0
1401,37,267,0
1662,27,282,0
134,87,50,0
1691,33,172,1
248,68,449,0
1676,59,50,1
1342,64,544,0
436,85,91,1
1200,88,389,0
1859,44,269,0
686,95,26,1
586,88,454,0
351,49,236,0
143,53,190,0
967,74,330,0
804,49,187,0
1422,66,401,0
1648,95,485,0
718,63,407,0
643,25,467,0
1393,4,421,0
501,51,206,0
1646,11,69,1
370,17,559,0
1603,66,21,0
1406,70,187,1
1110,73,395,0
787,69,48,1
739,84,486,0
1484,29,267,0
950,85,178,0
1349,73,445,0
522,92,570,0
489,72,224,1
1953,95,562,0
397,20,398,0
896,27,199,0
355,8,413,0
947,85,475,0
288,61,351,0
1483,28,466,0
1648,87,65,0
998,70,170,1
536,3,155,0
1315,69,115,0
851,73,492,0
838,7,553,0
168,60,7,0
950,4,487,0
621,5,17,0
428,11,166,0
1726,15,348,0
490,64,453,0
355,98,336,0
196,13,268,0
545,7,87,1
717,6,338,0
824,56,384,1
932,64,223,1
1718,50,458,0
1003,30,93,0
659,22,337,1
939,25,314,0
780,28,424,0
11,84,358,0
1606,39,104,1
1280,67,149,0
396,5,14,0
731,65,48,0
1833,15,390,0
409,90,499,0
362,67,497,0
1283,40,173,1
1027,98,535,0
84,69,340,0
156,95,517,0
1687,77,134,0
1200,43,543,0
707,1,518,0
1962,22,254,1
472,62,142,0
619,79,279,0
1448,26,468,0
134,18,145,0
788,48,260,1
907,9,460,0
864,1,438,0
1404,9,177,1
667,23,477,1
277,45,427,0
1260,2,443,0
1776,14,61,0
882,38,502,0
13,40,173,0
342,63,586,0
35,82,565,0
559,16,432,0
1238,93,423,0
1436,75,351,1
405,6,521,0
1518,3,459,0
658,14,206,0
159,66,183,1
956,96,61,0
1661,95,505,1
1134,75,116,0
549,86,152,0
1813,67,382,0
1550,31,352,1
985,33,362,0
1371,88,60,0
1768,1,320,0
1852,44,189,0
1660,15,58,0
279,37,41,0
479,27,274,0
111,48,512,0
1660,27,232,1
1949,12,432,0
431,67,5,0
542,30,27,0
1139,96,507,1
1114,87,452,0
1236,66,500,0
1574,7,429,0
1619,34,22,0
1563,32,449,1
1753,39,565,1
360,96,563,0
1510,43,43,0
372,43,214,1
1239,78,215,1
1757,3,569,0
1039,46,285,1
955,32,137,0
259,43,453,0
778,100,268,0
1487,81,115,1
120,3,559,0
976,74,242,1
913,63,461,0
1152,40,520,1
723,18,177,0
523,67,197,0
1712,62,519,0
1669,10,572,0
325,52,413,0
1344,73,88,0
1530,46,84,0
1550,55,582,0
1074,46,213,0
1946,75,526,1
1608,60,203,1
69,97,575,0
391,100,238,0
383,26,248,1
16,27,397,1
1463,38,570,0
846,22,450,1
869,26,397,1
568,86,13,0
1641,69,157,0
132,35,114,1
1584,66,270,0
1272,99,377,0
273,73,156,0
1647,51,599,1
1956,18,419,0
1862,43,330,0
1872,12,555,0
1373,3,180,0
484,82,529,0
550,7,319,0
357,97,71,0
1776,6,557,0
1342,82,188,0
1657,45,39,0
1072,86,509,0
1034,39,80,0
233,51,476,1
36,9,586,1
413,99,527,0
1486,23,287,0
1028,12,540,1
44,88,278,0
568,62,543,1
1578,73,58,0
1279,77,59,1
740,40,281,0
114,54,447,0
1773,81,422,0
397,7,229,1
1198,17,574,0
1279,50,259,0
466,24,180,0
1953,2,570,0
1301,99,150,0
1488,92,389,1
847,83,266,1
502,33,535,0
441,21,375,0
69,74,201,0
1533,53,589,0
326,46,288,0
1766,45,306,1
67,9,136,0
304,6,124,0
972,51,140,0
484,35,577,0
929,82,533,1
1572,53,38,1
1441,19,536,0
1183,69,212,0
149,25,303,0
1051,11,526,0
987,74,98,0
584,17,418,0
248,36,375,0
1125,90,413,0
702,95,387,0
96,96,445,0
1408,21,451,0
282,18,75,0
322,60,88,0
1420,18,213,1
1302,1,263,0
529,14,243,0
263,8,306,0
1643,66,236,1
580,51,286,0
1664,79,398,0
1317,60,422,0
294,34,210,0
1632,36,268,0
395,62,315,0
513,1,83,1
921,85,346,0
810,42,566,0
1204,1,99,1
920,96,355,0
693,84,66,0
235,54,146,0
952,47,115,0
1855,100,531,0
1361,39,161,0
1032,30,543,1
1467,7,13,0
1965,22,280,0
539,50,231,0
820,45,190,0
1682,74,595,1
1115,72,220,0
1878,91,437,0
272,10,573,1
1858,14,360,0
1029,46,396,1
1618,75,583,0
1923,6,279,1
1243,21,498,1
1142,62,455,1
593,97,424,0
976,19,168,0
1606,88,567,1
115,82,596,0
263,99,187,1
1330,62,314,1
1678,83,21,0
1446,53,450,1
207,24,174,0
1647,56,284,0
303,62,344,1
112,34,523,0
1441,22,15,0
1579,68,528,0
1883,57,137,1
1309,10,152,0
1664,66,570,0
185,8,83,1
1765,97,350,0
901,38,253,1
221,62,546,0
1888,28,28,0
1468,10,475,1
1141,45,205,1
1094,65,135,0
898,98,360,0
1094,67,154,0
622,9,530,0
427,5,308,1
644,10,545,0
568,12,54,1
443,82,468,0
601,58,244,0
1161,21,486,1
504,21,459,1
131,65,287,1
218,3,339,1
688,69,356,0
171,89,331,0
1499,64,340,0
612,49,85,0
992,72,91,0
1153,17,262,0
57,73,189,1
1205,32,127,1
246,70,100,0
144,21,519,0
1075,7,447,1
368,7,518,1
1483,27,375,0
218,8,309,0
616,73,361,0
1919,28,152,1
1591,79,289,0
1281,66,266,0
1882,71,578,1
1180,47,495,0
1589,82,35,1
442,86,272,0
841,10,16,0
956,33,195,0
699,7,404,0
876,3,541,1
1686,14,95,0
776,44,505,0
762,46,305,0
945,61,115,1
1834,36,84,0
923,13,437,0
935,16,421,0
1747,80,218,0
25,5,451,0
806,89,22,0
1877,38,58,1
1688,50,244,0
1560,38,422,0
764,56,490,0
1084,63,448,0
1491,48,570,0
434,90,127,0
879,59,424,0
1090,77,570,1
910,44,220,0
565,90,424,0
1952,55,555,0
106,55,232,0
96,1,241,0
1712,8,334,0
1575,4,473,0
168,85,491,0
42,86,553,0
1903,53,583,0
104,58,419,1
1869,37,223,0
1228,49,385,0
520,67,91,1
1999,19,465,1
282,1,415,1
1932,29,529,0
1067,87,451,0
947,33,304,1
1134,52,412,0
1234,41,379,1
749,23,237,1
1892,5,53,0
831,71,190,0
49,57,209,0
115,6,82,0
1179,49,485,0
1673,22,390,0
503,77,198,0
1703,76,107,1
1857,4,380,0
1735,72,291,0
986,64,486,0
71,37,254,0
1012,31,205,0
1543,37,540,1
1736,45,465,0
1360,90,304,0
67,8,482,1
1517,40,87,0
1674,97,462,0
1778,93,302,1
967,5,368,0
1237,28,44,0
181,81,344,0
1790,87,520,0
613,9,112,1
1887,2,320,0
1623,63,118,0
697,96,171,0
603,51,265,0
248,31,228,1
1238,7,266,0
359,30,255,1
249,58,530,1
638,3,130,1
1947,51,210,0
950,56,144,0
1905,73,66,0
1540,10,287,0
1112,61,58,0
663,50,350,1
176,47,528,0
723,90,140,0
426,1,334,1
1795,94,148,0
1627,57,440,0
771,38,286,0
1948,62,140,0
703,79,493,0
81,89,405,1
927,70,453,1
138,82,274,0
1457,65,21,1
470,62,273,0
350,56,486,0
1150,67,223,0
1905,17,323,1
1941,8,242,1
1892,60,549,0
1333,40,289,0
1879,81,41,0
1254,89,107,0
1484,62,434,0
1369,41,243,0
310,12,129,1
1977,93,569,0
1044,89,192,0
1905,100,260,0
1585,54,589,1
1002,89,534,0
1671,93,396,0
1565,11,472,0
1584,60,257,1
1501,68,565,0
269,78,180,0
1027,46,470,0
770,38,581,1
16,61,293,1
606,17,54,1
1382,66,8,0
1670,72,504,0
813,36,227,1
1863,74,266,1
1157,7,539,0
1336,100,380,0
1991,16,65,0
482,14,360,0
895,80,28,0
1568,25,297,1
1329,4,561,0
269,29,360,0
414,56,579,1
25,6,33,0
316,1,361,0
571,39,369,1
725,1,413,1
1692,63,270,0
1008,57,295,0
1850,67,571,0
1300,65,157,0
1954,65,223,0
389,21,177,1
722,30,16,1
444,96,520,1
999,33,366,0
1451,48,583,0
1081,22,481,0
697,94,581,0
971,54,86,0
1590,4,344,1
721,87,445,0
368,55,230,1
1965,44,375,0
342,89,32,0
1829,12,20,1
1876,81,281,0
304,79,337,1
764,74,487,0
1398,99,570,1
1974,52,292,0
816,93,118,0
112,76,42,0
878,65,458,0
1030,65,170,1
930,10,209,0
703,18,249,0
846,47,337,0
944,66,400,0
279,49,511,1
382,72,125,0
1876,22,263,0
13,86,414,0
303,26,314,0
1580,90,72,1
1641,9,118,0
160,21,224,1
154,95,224,0
754,63,477,0
181,6,390,1
1550,14,302,0
1204,33,257,1
377,71,409,0
1828,24,496,0
776,73,361,0
1192,75,432,0
1238,87,219,0
1174,51,384,1
16,2,218,0
1115,15,102,1
1144,35,532,0
1980,36,532,0
253,92,539,0
1084,39,558,1
1290,4,553,1
1433,64,332,1
31,74,169,0
1045,6,120,1
731,57,154,0
1617,30,522,0
289,99,36,0
1567,74,297,0
498,96,181,0
1770,67,65,1
1498,90,593,0
1429,15,420,0
548,17,387,1
961,91,11,0
132,18,89,0
1348,19,402,1
858,76,397,1
1156,88,51,1
521,69,345,0
30,24,502,0
627,91,482,1
1325,48,430,0
4,30,430,0
1349,15,519,0
509,47,133,0
1261,44,253,1
1559,98,135,0
16,27,327,0
1558,84,547,0
997,64,70,1
1608,41,105,1
1840,96,35,0
1470,68,195,0
1527,5,582,0
956,53,419,0
1254,8,504,1
1131,22,599,0
1744,7,50,1
1413,22,93,0
1744,46,379,0
263,30,250,1
1587,16,562,1
1089,79,261,0
265,5,356,0
1362,67,577,0
1325,23,109,0
378,61,341,0
1199,74,530,0
963,5,305,0
1176,23,81,0
476,79,515,1
1290,82,234,1
329,25,582,0
1997,8,36,0
1840,95,62,0
1187,21,108,1
438,2,316,1
1367,22,71,1
1391,72,378,1
1489,87,239,0
1774,96,116,0
1223,72,393,0
1524,68,412,0
16,64,58,0
1845,94,243,1
1320,19,299,0
868,87,116,0
511,82,92,1
1812,53,480,0
984,93,308,0
1263,87,309,1
581,97,294,1
1325,52,212,0
6,47,586,1
1244,82,374,1
1019,54,224,0
1790,44,235,0
1477,97,353,0
1457,7,259,0
807,92,456,0
1894,1,146,0
1410,63,73,0
619,98,93,0
1319,39,140,1
1142,19,527,0
405,31,446,0
1704,77,42,0
997,24,212,0
1787,69,214,0
594,87,517,0
566,83,364,1
752,65,581,0
1902,33,5,0
12,59,385,1
1233,33,541,1
165,32,398,0
878,59,54,0
1318,92,400,1
1935,41,36,0
1543,12,549,1
78,73,238,0
1458,11,30,0
1601,97,558,1
614,19,438,1
1987,54,65,0
869,57,557,0
812,42,445,1
1823,98,134,0
1707,71,358,0
1101,31,202,0
1072,52,375,0
767,2,151,0
82,83,502,0
1919,38,52,1
1745,32,176,0
209,10,319,0
1469,8,380,1
1995,90,537,0
1620,94,424,1
522,75,400,0
1053,20,526,0
1328,20,191,0
994,9,37,0
465,72,73,1
1526,15,596,0
1470,98,195,0
628,88,105,1
1514,97,489,0
781,63,289,1
1452,91,394,0
559,21,569,0
1383,5,164,0
960,35,558,1
91,85,51,0
1077,68,163,1
1754,48,450,0
860,80,527,0
1613,95,159,0
1228,90,343,0
556,62,369,0
156,35,578,0
2,70,152,0
1381,97,148,1
825,21,107,0
1593,80,97,0
802,39,290,1
983,34,428,0
1082,15,123,0
1278,6,33,1
1204,66,515,0
493,88,34,0
669,56,370,0
1059,49,142,1
75,92,479,1
944,1,567,1
1313,65,396,0
371,28,439,0
587,100,238,0
329,20,59,0
590,48,296,1
1791,72,316,0
777,65,552,0
304,90,93,0
579,51,216,0
221,43,322,0
979,49,469,0
1188,25,91,1
1504,74,413,0
1479,76,244,0
375,41,61,1
1244,71,117,0
1708,64,74,1
1278,61,188,1
1746,12,280,0
188,81,237,1
1215,69,58,0
1413,14,261,0
1239,34,94,1
1399,48,439,0
1110,61,412,0
474,81,273,1
1642,35,370,0
844,65,355,0
1832,59,303,1
531,36,163,0
1071,79,491,1
1089,19,530,1
963,42,359,0
475,69,405,1
1170,19,409,0
946,39,100,0
1822,69,574,1
1406,52,396,0
1090,12,356,0
517,83,580,0
1117,47,292,0
1889,76,527,1
426,36,166,0
1492,63,186,0
1118,76,553,1
1642,82,86,0
133,51,528,0
1458,43,8,0
1365,34,499,0
314,97,559,1
591,49,55,1
1236,18,265,1
1544,61,138,0
1009,57,366,1
159,93,572,0
1292,5,221,0
661,89,72,1
1886,24,560,0
1982,93,147,0
1627,64,350,1
748,59,558,1
1498,38,589,1
801,33,198,1
410,10,250,0
1498,37,318,0
1380,97,388,0
680,87,281,0
1217,11,76,1
1723,24,133,0
1295,88,362,1
114,71,529,1
897,21,224,0
1547,20,10,0
1079,10,232,0
1794,89,21,0
65,47,589,0
684,100,16,0
1296,47,503,0
1526,15,506,0
1686,44,74,0
1386,62,112,1
146,6,205,0
943,66,56,0
1233,76,553,0
1310,4,263,0
1034,23,486,0
739,13,268,1
186,81,307,1
1598,31,580,0
1621,16,558,0
1488,41,559,0
1158,90,129,0
835,92,274,0
809,1,484,1
171,12,136,0
213,56,6,0
1997,50,119,0
1554,20,485,0
1850,66,5,0
1526,36,335,0
1596,79,581,0
1624,38,395,0
27,22,147,0
1014,61,332,0
1092,50,381,1
790,96,94,0
408,59,46,0
1576,20,39,1
1133,36,498,0
74,97,557,0
578,15,128,1
680,62,61,1
1286,3,460,0
1392,93,239,1
786,91,396,0
849,5,496,0
870,56,347,0
237,31,180,1
727,86,56,0
1390,35,554,0
1310,71,482,1
378,70,493,0
661,26,9,0
830,1,213,1
906,83,221,0
376,7,540,0
619,36,346,1
653,76,405,0
1100,84,466,0
1033,87,215,1
196,25,30,1
807,94,256,1
1816,59,7,1
893,61,6,1
1654,29,6,0
1314,95,154,1
1085,18,587,0
937,41,8,0
1413,19,501,0
847,4,554,0
818,65,472,0
1924,41,74,1
1587,15,205,1
564,54,312,1
634,64,256,0
679,72,291,0
1018,15,296,0
8,79,158,0
1393,50,137,0
1069,22,590,1
344,18,278,0
1781,80,513,0
796,2,357,1
1399,36,9,1
1643,20,297,0
1051,16,364,0
1217,67,218,0
1954,30,410,0
849,55,440,0
1381,66,19,0
62,99,277,1
1086,26,567,0
422,57,49,0
1818,69,416,1
633,2,191,0
792,56,174,0
551,84,598,0
1404,62,405,0
1301,34,250,0
606,98,556,0
1455,56,47,0
1139,55,183,0
1712,20,461,0
1145,50,539,0
525,25,248,0
899,84,21,0
1440,25,116,1
163,53,551,1
787,14,34,0
910,60,196,0
1712,43,441,0
982,62,183,0
1361,76,478,0
379,69,138,0
1348,63,316,0
173,2,29,0
1000,54,375,0
1811,16,529,0
64,55,323,0
1125,94,234,0
1346,43,106,0
975,61,454,1
66,38,382,1
1867,45,207,0
1581,51,271,1
1623,42,466,0
458,24,369,1
1603,30,108,0
453,37,115,1
1283,53,432,1
1958,63,473,1
1741,11,585,0
1450,78,565,0
979,23,254,0
1960,80,486,0
178,50,335,0
1955,85,591,0
280,55,205,0
344,55,458,1
1041,4,508,1
296,97,550,0
202,54,115,1
962,61,548,0
684,78,213,0
1943,83,37,0
1798,5,559,1
1218,100,111,0
1173,95,269,0
375,18,230,0
1912,44,491,0
35,31,183,1
1393,94,226,0
29,21,374,0
775,47,171,1
221,30,557,1
53,55,304,0
1957,68,385,0
791,69,39,0
1377,41,411,1
1416,45,506,0
76,74,318,0
494,91,105,0
1712,80,573,0
1546,30,219,0
1999,77,580,1
117,100,66,0
280,85,373,0
1754,45,372,0
1199,45,578,0
746,79,98,0
949,84,473,0
764,84,30,0
295,45,439,1
1018,55,125,0
1475,59,54,1
1858,5,40,0
1542,32,414,1
1045,6,293,0
1097,94,383,0
842,26,104,0
1060,37,328,1
1531,13,333,0
1923,93,225,0
1257,69,571,1
1752,25,114,0
497,13,153,0
206,88,410,0
426,95,414,0
1965,20,133,0
44,72,488,0
1115,60,112,0
1953,73,393,1
1852,21,429,1
1494,61,451,0
605,84,72,0
1491,79,70,1
1875,26,569,0
454,54,508,0
595,42,508,1
1357,11,325,1
507,37,584,0
794,11,451,0
1494,27,578,0
21,94,214,0
1252,83,374,0
1400,34,568,0
1154,38,462,1
1711,61,581,0
620,87,167,0
414,53,336,0
1819,65,354,0
1095,3,472,1
1428,67,430,0
1586,28,331,0
1631,14,110,0
1815,52,259,1
1421,30,362,0
337,58,448,0
1668,54,117,1
1529,69,34,1
910,15,528,0
276,38,50,1
892,78,175,0
13,14,134,0
1027,57,357,0
978,59,207,0
1248,8,230,0
974,72,84,0
175,19,314,1
1923,32,39,1
1409,95,568,1
1626,29,165,0
1944,41,439,0
241,75,542,1
547,45,229,0
14,13,450,0
1219,27,321,0
1421,19,418,1
1455,26,99,0
1330,53,229,0
1358,51,557,1
725,37,70,0
1434,9,401,1
3,92,214,0
691,96,478,0
1576,52,575,0
1476,54,494,1
1700,3,184,0
1843,96,528,1
747,69,463,0
769,8,72,0
872,14,333,0
495,3,206,0
417,24,479,1
1415,13,522,0
1397,43,19,1
628,29,46,1
1076,72,547,0
1400,51,293,0
1419,42,537,1
1947,31,248,0
1021,63,571,1
142,26,178,1
1110,18,538,1
1488,82,513,0
46,57,248,0
844,7,64,0
1009,48,108,1
1262,80,307,0
10,60,81,0
664,33,22,0
573,3,538,0
1554,4,188,0
1622,100,554,0
649,4,285,0
913,42,292,0
1766,9,529,0
640,51,478,0
616,17,271,1
698,17,361,0
909,97,5,0
178,20,31,1
869,14,552,1
1030,22,164,0
853,52,403,0
307,27,547,1
548,43,131,1
327,3,214,0
1380,88,154,1
1817,94,35,1
395,8,306,0
300,86,261,0
1550,89,61,0
749,10,13,1
285,29,9,0
330,40,118,1
50,65,209,0
773,21,28,1
1992,24,497,1
1646,73,410,0
1733,60,107,0
378,26,64,1
1788,9,90,0
1624,20,376,0
1000,56,206,0
1849,99,93,0
1562,36,441,0
774,36,124,0
1168,73,160,1
1084,22,403,0
868,1,192,1
1804,69,56,1
1099,73,535,1
3,37,484,1
1599,83,591,0
748,72,234,0
1472,96,485,0
1982,13,134,1
1765,84,59,0
1926,100,275,0
275,43,104,0
1554,37,73,1
1616,94,303,1
215,74,533,0
1707,95,358,0
1509,25,156,0
329,93,334,1
255,88,120,1
1411,21,546,1
126,41,327,0
767,73,567,0
1608,42,576,1
1574,42,233,0
1348,2,364,0
1228,68,9,0
1196,8,32,1
1759,96,368,0
217,61,466,0
1269,14,235,0
1360,77,399,0
1727,21,275,1
1322,24,308,1
832,50,387,0
182,82,562,0
334,45,32,0
511,64,523,0
383,64,203,0
1741,26,86,0
1897,32,92,0
1223,57,394,0
332,53,584,0
1189,33,455,0
1266,52,437,0
900,95,378,1
642,18,439,0
1251,35,191,0
634,12,394,0
1580,51,222,0
451,89,112,0
196,95,554,0
1894,10,353,1
1228,52,526,0
458,34,30,0
830,67,52,0
257,39,374,0
1553,8,18,1
1296,96,191,1
9,29,528,0
761,22,283,1
949,84,345,0
1225,70,332,1
1083,61,29,1
887,43,533,0
393,49,430,0
1676,29,33,1
1143,81,327,1
1577,31,317,0
399,53,588,0
1858,34,274,0
331,38,299,1
1291,57,227,0
1544,4,79,1
1719,2,106,0
480,12,536,0
134,35,177,0
1717,70,8,0
916,72,483,1
935,21,399,0
355,61,171,0
584,35,304,0
1522,48,122,0
625,15,516,1
1131,71,179,0
290,15,163,1
825,6,388,0
629,81,231,0
1019,68,42,1
632,22,467,1
1171,32,435,0
327,22,108,0
1439,27,197,1
210,15,254,1
1320,44,17,0
1422,86,571,0
1127,92,559,0
636,9,392,0
1781,34,75,0
1532,100,575,1
1915,73,442,1
868,15,48,0
1233,62,276,0
1957,45,18,0
428,84,375,0
393,72,116,0
826,58,383,0
916,92,318,0
1133,19,419,1
1913,16,489,0
348,75,173,1
50,8,250,0
916,33,270,0
1129,74,247,0
1444,18,304,0
1397,35,331,0
1051,43,534,1
968,50,599,0
800,3,346,1
1793,91,558,0
1297,59,253,0
1017,28,384,1
649,46,536,0
1364,64,385,0
301,70,46,0
1504,47,349,0
1858,14,265,0
1568,7,310,1
1581,74,244,0
1289,79,317,0
1566,31,445,1
1620,93,137,0
166,81,55,0
316,51,396,0
1,29,527,1
1020,15,512,0
1785,90,358,1
1285,76,399,0
63,25,100,0
483,61,110,1
1700,41,517,1
1345,69,562,0
1870,4,246,1
1225,57,492,1
222,31,519,0
152,3,65,0
644,67,420,0
626,90,298,0
1486,50,306,0
217,17,174,0
196,60,45,1
1817,74,235,0
1226,66,413,0
995,88,301,1
1015,75,459,0
647,24,61,0
1258,99,244,0
1165,87,180,0
708,32,67,0
1522,87,555,0
1579,98,142,1
1081,19,458,0
1956,66,453,1
1528,60,230,1
1166,66,447,0
722,15,210,1
1608,85,31,1
1760,35,461,1
1563,69,111,0
640,27,448,1
106,88,40,0
165,7,159,1
215,6,173,0
1095,33,276,0
1740,58,551,0
1689,49,424,0
1603,17,188,0
90,42,241,0
1796,94,513,0
874,72,445,1
1252,40,126,0
1103,46,421,0
608,71,539,0
349,70,379,0
1866,68,579,0
894,1,330,0
246,79,484,0
272,95,154,0
403,89,596,0
1693,97,494,1
1140,52,157,0
1459,35,21,0
1554,69,555,0
1466,5,352,1
1196,100,463,1
1040,17,206,0
961,53,427,1
1776,52,284,0
898,14,426,1
1080,29,469,1
1615,8,359,0
1127,98,586,1
284,1,382,0
1729,29,128,0
517,36,84,0
618,51,561,0
1302,37,237,0
1909,93,484,0
612,69,158,1
750,53,413,1
1293,96,35,0
1857,52,561,0
400,88,507,0
1527,83,375,1
86,12,327,0
320,52,336,0
1056,1,247,0
336,7,556,1
51,17,434,1
1103,98,186,1
1722,43,477,1
174,71,380,0
1972,17,85,1
1642,59,554,0
501,3,424,0
1599,29,471,0
76,22,432,0
316,38,61,0
1857,54,326,0
1397,93,546,1
1105,50,499,1
1897,69,270,1
1664,30,231,1
1719,23,58,0
1779,85,8,0
697,90,443,1
1010,47,314,0
732,21,93,0
1095,20,324,0
969,23,379,1
854,68,505,1
666,21,238,0
1781,21,341,1
652,1,575,0
1095,15,189,0
46,17,442,0
1071,51,560,0
1615,63,184,1
1446,14,80,0
149,59,276,1
910,83,59,0
1154,50,81,1
456,34,300,0
1663,6,223,1
877,49,281,0
1655,6,582,0
966,69,270,0
869,7,47,1
1529,97,365,0
929,77,232,0
1024,51,231,0
1001,1,67,0
774,13,175,0
244,43,311,1
474,27,572,0
382,71,38,0
1127,3,134,0
489,58,398,0
1061,89,155,0
1678,97,388,0
1573,17,21,1
1544,45,598,0
1767,78,18,1
1357,58,85,0
397,56,211,0
296,54,208,0
107,87,383,0
860,88,548,0
954,29,27,1
530,54,166,1
1849,27,148,0
1107,45,108,1
934,87,386,1
288,31,459,0
706,36,421,1
1485,81,328,1
215,61,175,1
1305,37,580,0
732,67,587,1
1978,36,278,0
1483,5,456,1
1825,46,129,0
344,79,387,0
194,52,321,0
158,49,111,0
465,6,467,0
104,10,434,0
34,96,341,0
1126,23,500,0
639,17,366,0
1750,84,436,0
325,44,524,0
1968,41,410,1
1832,15,381,0
691,44,156,0
592,58,326,0
141,86,218,0
474,50,580,1
1055,52,69,0
884,70,274,0
1959,68,541,1
63,63,104,0
1584,58,109,0
1111,23,135,1
304,44,393,1
1085,83,325,1
396,95,442,0
334,44,23,0
1976,52,229,1
786,67,570,0
411,28,464,1
284,67,398,0
466,78,230,1
80,18,364,0
1716,27,434,0
784,51,19,0
1101,60,564,1
1978,74,550,1
733,49,418,0
1929,15,359,1
1818,83,461,0
1564,73,535,0
1385,68,200,0
77,15,119,0
509,51,421,0
1188,48,356,0
1033,72,79,0
1199,1,40,0
462,7,246,0
1331,53,67,1
1612,31,513,0
245,18,192,1
122,12,97,0
185,48,9,1
32,30,442,0
998,97,170,0
1987,7,450,0
762,92,29,0
569,3,512,1
310,63,102,0
1396,6,272,0
1680,95,397,0
830,15,289,0
1620,71,113,0
992,43,31,0
1080,94,59,0
791,91,137,1
1297,81,56,0
464,18,497,0
678,22,302,1
1480,61,403,0
979,61,595,1
670,53,22,1
1273,26,563,0
698,91,250,0
994,40,507,1
78,88,93,0
534,8,207,0
108,21,244,1
1297,93,494,0
764,43,17,0
15,21,319,0
370,3,202,1
1328,31,247,0
1696,27,511,1
205,27,47,1
1137,73,334,0
1704,57,595,1
865,97,433,1
1277,33,166,0
441,90,439,0
1210,92,237,1
859,44,115,0
227,43,236,1
528,31,277,0
1692,65,45,1
354,84,564,0
623,76,470,0
1025,17,81,1
1577,15,494,0
1584,34,121,0
927,80,438,0
1444,4,23,0
1644,72,575,0
1185,98,200,0
161,89,455,0
871,79,429,0
1152,28,398,0
1746,73,288,0
1175,2,38,0
444,17,299,0
1791,58,255,0
1495,74,343,1
463,9,444,0
1754,31,184,0
1054,66,232,0
473,88,27,0
557,62,331,0
80,19,158,0
1063,81,150,0
240,74,256,0
557,55,306,1
590,28,74,0
1361,92,547,0
1932,50,97,0
1885,65,167,0
1824,3,85,0
1976,79,592,1
1304,52,67,0
1140,10,440,1
269,21,52,0
1940,37,449,1
335,15,78,0
312,87,546,0
1077,78,161,1
1092,79,491,0
694,74,270,1
34,9,260,1
1820,44,43,0
1842,39,59,0
386,5,32,1
249,25,122,0
1135,56,374,0
1118,90,213,1
1434,64,591,0
1203,72,581,0
1071,86,562,0
794,52,320,0
852,89,397,0
874,76,448,0
1628,9,263,0
376,10,202,0
724,10,449,1
1611,73,574,0
1914,62,586,0
202,90,309,0
445,99,343,0
1943,91,533,0
1957,60,58,1
297,95,116,0
1332,19,423,1
1747,38,309,0
493,6,442,0
338,15,89,1
1969,93,528,0
923,47,256,0
1670,45,130,0
1866,5,409,1
1090,78,308,0
792,53,32,0
1446,66,270,0
1564,62,56,0
1948,23,515,0
1653,44,211,0
1517,52,578,0
1906,46,515,0
962,19,557,0
317,88,205,0
942,84,288,0
1861,47,361,0
626,91,51,0
75,52,141,0
1738,24,134,0
939,17,199,1
59,89,368,0
386,46,436,1
15,64,73,1
1255,95,462,1
1641,28,544,0
1701,50,339,0
199,64,530,1
1940,28,562,0
1378,86,20,1
35,56,460,0
162,59,514,0
1781,5,213,1
982,54,162,1
799,44,341,0
895,42,245,0
471,72,62,1
531,92,309,0
1988,57,349,0
792,47,18,0
852,76,363,0
1447,25,381,0
348,44,247,0
694,15,149,0
935,51,419,0
913,53,398,1
147,34,362,0
1398,77,580,1
1712,8,162,1
675,77,22,0
1440,100,565,0
687,70,572,1
1518,96,351,0
1583,21,62,0
1280,7,159,0
960,90,571,1
686,79,491,0
1127,56,535,0
121,49,491,0
419,42,155,0
350,23,363,0
1681,52,372,0
42,79,51,0
1391,53,211,0
29,16,454,0
966,96,487,1
1916,37,574,0
785,18,147,0
14,20,404,1
920,46,101,0
1977,2,51,0
818,87,195,0
825,94,144,1
1509,63,235,0
1213,3,344,0
872,46,495,0
295,49,53,1
1207,1,457,0
864,22,320,0
548,93,326,0
1906,14,91,1
1061,92,478,0
1008,85,286,0
1038,45,78,1
1947,96,457,1
635,6,51,1
595,65,592,1
1183,21,100,0
1518,4,35,0
1353,3,538,1
614,30,21,0
1873,31,216,0
1107,34,239,1
1580,83,396,0
1604,20,358,1
1584,87,309,0
1593,54,554,1
1611,25,569,0
1046,15,544,1
1156,38,593,0
465,23,513,0
1480,52,399,0
1326,66,435,0
955,57,566,1
930,57,181,0
1291,79,410,0
799,52,305,0
395,35,449,1
1144,74,131,1
246,14,353,0
568,91,25,1
38,14,424,0
245,99,156,1
21,33,164,0
1134,52,484,0
1630,1,447,1
394,34,100,0
1434,19,356,0
987,24,79,0
1672,4,598,0
1767,36,363,1
8,77,137,1
1468,58,404,0
328,32,143,0
1911,9,250,0
290,80,295,1
1787,67,116,0
511,20,174,0
912,74,244,1
361,62,341,0
1933,58,142,0
1623,22,598,0
716,67,240,0
219,75,7,0
406,89,575,1
753,48,120,0
923,8,476,1
832,73,135,0
1794,15,487,0
1645,32,405,0
1792,53,205,0
794,67,296,0
1244,4,346,1
595,30,220,1
107,13,589,0
581,21,370,0
609,41,473,0
1748,19,422,0
1310,48,31,0
1773,86,459,1
8,63,584,0
806,20,18,0
189,64,102,0
81,37,283,0
108,31,494,1
1345,74,211,0
1603,18,237,0
686,20,577,1
346,82,243,0
1887,11,254,0
328,86,587,0
555,44,310,0
1723,82,467,0
302,64,240,1
200,34,295,1
893,87,43,0
1443,65,187,1
1063,55,34,0
1756,74,392,0
307,1,147,0
1028,38,423,0
1657,9,78,1
1872,95,59,0
1101,71,576,0
468,17,28,0
179,99,26,0
645,52,432,1
1847,18,36,0
1765,63,343,0
276,33,519,0
1176,4,516,0
1188,87,74,1
1314,75,92,0
1402,52,575,1
621,9,223,0
638,64,593,0
1776,30,274,0
1334,8,82,1
930,5,596,0
1937,76,14,0
1413,63,472,0
1881,1,340,1
1682,15,190,0
1788,89,550,1
183,82,125,0
1845,38,596,0
1330,42,569,0
72,46,278,1
1243,53,414,0
719,26,362,1
1197,61,102,0
1677,67,245,0
1296,54,561,0
726,22,118,1
1492,26,491,1
269,83,245,0
1044,60,160,0
578,39,356,0
995,36,48,1
815,21,596,1
1527,41,316,0
147,48,142,0
1453,26,440,0
1189,63,147,0
890,77,303,0
310,36,566,0
518,24,266,1
14,90,516,0
132,21,66,0
1878,18,571,0
755,15,427,0
439,79,400,0
743,6,35,0
740,43,334,0
1698,31,173,0
795,28,270,0
263,8,312,0
643,29,463,1
1967,21,189,1
1249,81,338,0
258,88,519,0
1258,58,445,0
1360,60,395,0
409,50,564,0
1852,100,258,1
975,31,590,0
1048,47,339,1
271,34,404,0
1119,2,170,0
142,67,264,0
1718,94,8,1
1742,72,123,0
902,52,474,0
974,7,474,0
1105,76,497,1
274,19,504,0
276,90,74,0
1907,92,374,0
1982,15,185,1
465,78,9,1
1232,48,201,0
1320,14,51,0
1063,3,556,0
1972,50,144,0
288,93,544,1
1148,54,431,1
876,6,593,1
1993,49,565,0
1307,23,314,0
878,92,278,1
180,78,543,1
1121,78,394,0
1215,20,463,0
1098,77,365,0
447,91,73,0
785,60,587,0
1521,99,435,1
561,45,36,1
484,61,517,1
849,56,186,1
722,2,252,0
116,45,301,0
535,40,34,1
1122,24,306,0
1352,29,480,0
1933,67,356,0
407,68,486,0
1337,66,321,0
1726,84,401,1
694,54,93,0
1172,53,238,0
1366,79,172,0
495,49,130,0
948,32,577,0
23,61,124,0
1129,42,432,0
1699,1,194,0
1603,63,432,0
1826,35,564,0
1825,51,206,0
558,71,63,1
1617,45,227,0
941,77,496,0
1683,65,15,1
1246,14,516,0
855,93,314,0
1039,3,38,0
891,24,344,1
1657,65,485,0
78,48,578,1
1346,10,97,0
807,13,137,0
1265,100,423,0
1042,73,472,0
768,14,448,1
454,100,34,0
1467,10,302,0
928,40,65,1
277,23,462,0
1448,99,308,0
1500,55,344,0
1051,63,452,1
514,71,306,0
1889,42,544,0
464,99,489,1
807,66,81,1
824,79,519,1
363,73,553,0
1407,47,96,0
751,81,470,0
525,52,470,1
1406,18,44,0
1208,79,333,0
1218,18,289,1
1486,24,558,0
56,23,70,1
1254,12,113,0
489,23,419,0
1052,21,96,0
1856,64,372,0
1607,90,427,0
722,72,576,1
1984,94,244,0
1208,34,439,0
1449,2,216,0
1399,69,404,1
1892,31,530,1
41,97,472,0
1508,68,174,1
1004,70,214,1
260,87,260,0
441,19,77,0
926,72,151,0
856,13,344,0
84,65,321,0
46,6,579,1
440,71,158,0
1695,27,259,0
1880,79,355,0
1543,52,551,0
986,98,316,1
1869,87,138,1
1462,48,133,0
136,88,440,0
1207,79,284,1
1733,99,362,1
1196,68,256,0
909,44,139,0
861,17,527,0
788,95,323,1
590,38,84,0
1952,10,195,0
956,54,457,0
690,91,348,1
539,6,34,0
1144,6,418,0
1305,52,372,1
1332,15,506,1
708,68,25,0
1301,57,553,0
1554,56,250,0
295,7,287,0
1807,51,236,0
53,58,320,1
806,64,340,0
1456,26,415,0
52,58,249,0
728,31,391,1
72,66,362,1
28,92,26,0
469,13,23,1
1936,18,291,1
764,94,280,1
886,75,556,1
912,13,76,0
547,24,369,0
1425,57,339,1
201,29,594,0
1785,56,203,0
1635,54,21,0
820,5,222,0
1490,35,151,0
1676,19,214,1
1619,55,418,0
560,77,334,0
1814,69,356,0
379,44,167,0
1784,78,105,0
1919,38,331,0
1201,62,331,0
1076,22,159,0
79,73,14,1
1409,40,357,1
834,26,187,0
1600,5,459,1
1032,93,10,0
1238,54,337,0
25,86,337,0
450,49,262,0
768,3,215,0
755,92,55,1
1993,38,449,0
1481,14,381,0
1485,47,490,0
198,14,55,0
1118,75,158,0
1743,73,586,0
1971,38,314,0
437,64,403,0
1551,44,138,0
690,70,224,1
1991,65,167,0
1402,25,573,0
587,16,506,0
104,15,119,1
1830,98,503,0
1704,81,476,0
1986,3,153,0
627,67,245,0
1063,37,127,1
458,81,73,0
364,55,67,0
1809,38,20,0
135,63,394,0
374,1,594,1
1256,71,262,0
39,90,221,0
1988,19,483,1
1827,52,118,0
819,30,384,0
47,55,241,0
36,14,480,0
1856,13,133,0
95,84,514,0
985,90,169,0
1385,27,281,1
1549,89,261,0
1170,9,136,0
1941,41,574,1
368,48,261,0
65,12,145,0
1252,10,213,0
754,6,523,1
1544,34,55,0
816,52,507,0
1877,41,263,0
1579,83,182,0
756,6,547,0
181,2,360,1
1525,15,322,0
597,17,368,1
1179,16,59,0
787,28,160,1
1559,85,48,0
627,72,597,0
1842,10,546,0
1459,10,326,0
1835,10,18,1
1123,73,361,0
616,28,487,0
1396,24,363,0
1587,19,322,1
1386,97,79,1
112,68,595,0
453,56,198,0
756,67,367,0
1193,42,100,1
584,12,44,0
139,18,401,0
1872,23,111,1
231,84,21,0
1263,6,531,0
984,53,503,0
253,98,529,1
1460,42,47,0
1943,66,597,1
561,30,354,0
1446,9,34,0
1327,91,445,0
72,42,546,1
1287,34,459,0
1858,40,98,1
222,88,299,0
1101,17,553,1
62,29,93,0
1495,100,507,0
1181,50,218,1
806,76,426,0
125,95,530,0
741,49,196,0
1876,73,228,1
161,61,559,0
541,83,391,1
626,46,478,0
1615,46,207,0
1559,17,451,0
106,66,72,0
1155,5,96,0
1381,54,182,1
1709,16,563,0
776,81,7,0
1878,91,107,0
1909,7,277,1
1821,8,538,0
2,72,120,0
233,87,468,0
369,96,108,0
1275,82,263,0
946,38,312,0
1857,54,371,0
1132,76,306,0
1300,15,564,1
180,92,31,0
1749,50,512,0
293,56,531,0
584,95,369,0
795,9,302,1
175,8,365,0
123,19,508,0
227,51,592,0
1926,72,34,0
444,98,443,1
1837,57,344,1
428,68,130,0
1107,31,570,1
765,3,370,1
1682,99,447,0
632,83,267,0
65,43,226,1
1305,29,6,1
1819,10,398,0
1415,12,310,1
428,46,150,0
618,30,534,0
925,94,532,0
812,82,312,0
107,88,344,1
1572,32,356,1
659,73,213,0
1286,47,209,0
1945,88,19,0
1183,63,432,1
265,26,480,0
1492,3,302,0
1226,23,561,0
1957,75,98,1
155,74,111,0
1037,50,423,1
1321,36,282,0
896,13,132,0
1858,29,463,0
1522,38,42,0
1621,77,202,0
993,90,361,1
1816,84,11,1
245,5,560,1
1324,20,336,1
1386,78,523,1
1378,14,198,0
1852,8,320,0
1545,48,5,1
386,13,66,1
759,24,347,0
1336,79,22,0
414,65,375,1
1302,86,583,0
1774,34,575,0
715,51,239,0
759,3,73,0
747,90,451,0
593,78,12,1
1380,58,466,1
1549,72,315,0
839,55,138,0
16,80,389,0
993,42,60,1
1069,21,364,0
1345,10,118,0
651,57,92,0
1350,25,142,0
148,56,112,0
355,38,504,0
1260,86,539,0
703,61,148,0
613,47,60,1
105,54,10,0
1498,46,546,1
1786,68,451,0
396,4,389,0
1470,94,311,1
606,66,306,1
1244,93,409,0
1834,43,566,0
851,62,514,1
1989,100,77,1
442,85,568,0
1669,85,269,0
873,85,231,0
667,4,197,0
1052,65,378,0
794,62,14,1
475,90,306,0
628,2,363,0
1329,9,56,1
1770,57,103,0
1429,45,597,0
1537,18,17,0
502,48,394,0
348,42,361,0
1264,41,15,0
1018,75,85,0
570,89,265,0
1871,90,10,0
695,58,462,0
1361,100,377,0
26,42,485,1
1433,35,226,1
1101,38,85,0
1953,67,519,0
217,41,64,1
1352,99,225,1
837,50,353,0
774,86,565,0
1047,72,232,0
1780,79,294,1
670,45,297,0
718,71,197,0
310,19,478,1
599,17,261,0
267,65,510,0
1439,93,392,1
646,77,402,0
1291,56,370,0
1357,93,294,1
1023,41,313,1
1804,42,282,1
450,6,468,0
565,69,193,1
1635,98,182,0
1271,75,532,0
1060,73,379,0
1425,40,458,0
28,41,221,0
220,9,46,0
406,8,198,0
1638,44,331,0
1799,58,377,0
271,67,469,0
1760,13,167,0
1675,19,280,0
792,98,368,0
1535,96,484,0
963,49,464,0
1310,80,269,1
1478,100,543,0
1786,82,390,1
834,78,89,1
317,30,320,0
1614,66,247,0
1321,77,473,0
338,91,346,0
1331,59,181,1
1452,53,134,0
351,52,87,0
511,81,364,1
525,31,92,0
1882,15,536,0
492,20,475,0
1932,5,502,0
1618,7,511,0
9,18,358,0
1521,56,420,0
1749,75,55,0
1584,96,67,0
561,91,93,0
1845,90,194,1
440,45,352,0
1576,28,542,0
1899,50,180,0
792,2,368,0
1762,84,558,0
1992,68,487,0
1132,77,123,0
1269,24,173,0
1279,48,151,0
33,45,441,0
1047,93,443,0
845,58,193,0
566,36,164,0
1845,2,406,1
49,18,590,1
462,49,22,0
590,8,144,0
336,58,119,0
1969,15,332,0
1382,17,229,0
1146,23,562,0
1468,66,443,1
359,70,554,0
1626,93,390,0
346,27,525,0
193,37,257,0
1440,49,102,1
1401,64,75,0
1487,34,555,1
756,18,451,0
1685,64,94,0
1170,74,434,0
478,44,223,0
828,17,111,0
890,59,480,1
653,13,458,0
408,52,548,0
286,60,130,1
1922,42,151,0
851,91,284,0
111,64,28,0
620,66,124,0
1903,34,301,0
793,95,86,1
50,87,452,1
1038,71,474,0
1158,64,427,0
588,33,549,1
596,12,28,1
1367,76,65,0
670,19,88,0
1310,9,229,0
1958,74,190,1
314,17,379,0
606,50,76,0
297,39,78,0
1630,41,345,0
569,10,157,1
1188,12,100,0
832,79,569,0
1521,95,449,0
610,15,114,1
16,28,462,0
1368,4,55,0
1102,36,381,1
1370,65,77,0
72,98,216,0
270,47,436,0
287,81,172,1
66,39,335,0
880,38,498,1
68,44,147,1
1217,51,586,0
1079,97,449,0
980,85,398,1
1403,26,516,0
974,36,332,1
1192,69,263,0
1433,97,441,1
508,1,568,0
1561,53,353,0
1667,6,519,0
837,37,453,0
1126,2,403,0
886,69,218,0
794,90,550,1
1832,41,566,1
1830,51,293,0
422,47,263,1
1988,13,262,0
775,76,392,0
478,69,549,0
926,66,269,0
120,59,317,1
1939,68,44,1
1767,59,214,1
1315,91,276,1
488,10,140,0
1185,13,64,0
1697,2,514,0
78,90,519,0
1062,15,19,1
1418,46,259,1
441,57,539,0
1564,10,239,1
462,22,135,0
612,89,21,0
1318,79,189,0
1424,77,395,0
1660,8,427,1
917,21,446,0
1116,85,560,0
1791,22,16,1
609,97,524,0
6,45,84,1
681,91,306,0
895,40,220,0
271,22,252,1
1644,30,545,1
1923,62,276,1
811,73,137,1
559,45,9,1
99,35,546,1
526,82,145,1
194,42,487,0
1181,5,309,0
1924,27,349,0
1690,70,566,1
1139,62,274,1
396,32,112,0
770,8,562,0
1681,85,478,0
1827,18,86,1
1024,78,88,0
1546,15,294,0
880,26,75,0
1238,53,179,0
745,44,467,0
683,32,399,0
1557,28,95,0
15,39,473,1
1443,32,438,1
368,77,253,0
638,79,576,1
853,18,245,0
1877,70,500,0
1237,11,344,0
700,32,475,0
1708,20,467,0
1783,97,279,0
5,40,19,0
231,8,45,0
1225,35,212,0
1909,69,64,0
1426,99,369,0
1173,78,244,0
1608,21,164,0
1516,24,401,0
1012,17,504,0
1250,18,213,1
586,98,137,0
1843,12,385,0
169,16,437,0
761,4,393,0
792,89,587,0
1000,34,436,0
152,92,278,0
1016,46,355,1
224,75,138,0
504,77,70,1
1761,31,209,0
1574,25,302,1
44,74,121,0
697,24,271,1
504,65,153,0
1979,25,198,0
1265,28,183,0
930,36,152,0
843,82,469,0
351,6,573,1
1746,66,9,1
23,67,530,1
1660,72,284,0
598,95,503,1
1067,48,440,1
466,83,220,0
40,70,519,1
303,78,141,1
1705,67,599,0
175,48,284,0
999,65,136,0
1556,44,397,1
1485,94,485,0
621,63,517,1
1217,46,423,0
244,19,206,0
836,64,466,0
280,83,206,0
1764,73,156,0
1060,71,226,0
557,50,83,0
898,63,204,0
1564,41,103,1
1178,7,217,0
1047,9,147,1
719,4,393,0
932,89,378,0
91,49,56,0
390,76,139,0
1955,6,415,0
1383,82,474,1
550,21,116,0
931,15,529,0
1252,67,48,0
1226,66,401,0
1374,56,589,1
1845,68,265,0
1790,32,549,0
1062,66,392,1
733,29,480,0
500,66,414,0
1723,34,584,1
1067,27,20,0
871,60,106,1
1650,39,190,1
1796,44,29,0
517,82,76,0
68,36,597,1
1764,19,577,0
123,91,22,1
1709,45,574,0
336,84,336,0
1177,21,573,0
974,23,101,1
779,94,16,0
1693,89,15,1
1186,95,167,0
1238,27,287,0
1934,98,245,1
1400,72,49,0
1944,19,597,1
1467,41,259,0
423,26,71,1
1562,28,46,0
939,64,388,0
804,68,593,0
1959,95,238,1
1725,80,489,1
1936,51,43,1
634,74,15,1
1254,48,413,1
1083,10,112,0
96,73,98,0
1286,39,88,0
354,100,62,0
1336,100,297,0
1160,19,20,0
1886,64,481,0
1819,19,169,0
967,76,441,0
923,62,407,0
473,13,390,0
1656,25,142,0
430,100,535,0
1961,89,297,0
975,92,479,0
537,42,466,0
1878,39,377,0
1170,30,166,0
1548,5,48,1
87,81,87,0
1971,18,543,0
109,21,523,1
1447,86,415,0
1369,50,345,0
1290,6,93,0
1758,50,234,0
1610,80,22,0
994,66,285,0
1518,1,426,0
1357,57,342,0
822,30,270,1
1437,58,359,0
1638,52,364,0
937,37,221,0
1005,48,325,1
649,87,216,1
191,1,207,0
1997,19,157,0
933,46,433,0
142,67,291,0
1893,2,325,1
1097,56,440,0
840,17,596,0
1191,92,500,0
168,82,153,0
566,97,546,0
1283,79,486,1
1463,22,330,0
1135,27,33,0
744,55,263,0
673,32,79,0
864,60,561,0
839,83,585,1
531,28,502,0
1314,28,420,0
974,74,344,0
562,84,312,1
1534,25,245,0
175,85,257,0
302,78,224,1
1720,86,401,1
185,26,340,0
1363,75,33,0
510,71,498,0
819,17,506,1
1334,82,158,0
1531,7,235,0
1370,56,106,0
1105,64,181,1
1398,20,236,0
156,38,16,1
787,75,190,1
795,58,270,0
432,16,139,0
1524,51,35,0
761,27,460,1
147,51,263,0
481,75,108,0
435,16,435,0
1543,87,386,1
1693,60,473,1
1707,76,517,1
69,40,211,0
1630,67,451,0
1905,2,93,0
875,48,199,0
1912,52,418,0
186,24,126,0
904,93,466,0
682,98,120,1
204,84,200,0
554,82,40,0
13,78,71,0
666,82,285,1
1298,2,483,1
1322,65,15,0
51,20,326,1
500,34,244,0
369,41,64,1
724,41,566,1
1680,75,169,1
357,91,193,1
1027,23,491,1
1278,38,96,0
1499,44,293,0
847,67,513,0
1530,62,79,1
256,12,561,0
1634,30,432,0
1709,95,389,1
1174,87,57,0
1512,65,179,1
279,41,583,0
1083,20,478,1
446,6,365,0
113,75,274,0
836,99,411,0
755,4,128,0
1846,93,380,0
1593,10,396,0
1513,51,186,0
1431,93,40,0
367,38,216,0
1084,1,138,0
329,8,495,1
728,81,442,0
1493,83,50,1
1769,63,405,0
1006,33,492,1
1591,15,436,0
1909,31,432,1
720,21,576,1
1087,3,521,1
184,66,466,0
1023,35,185,1
311,41,149,0
1817,59,269,0
1562,16,410,0
177,56,488,1
1599,45,486,0
1453,59,241,0
1097,50,529,1
847,85,343,0
1191,12,272,0
1249,92,270,0
1601,12,532,1
1605,33,96,0
1976,84,252,0
9,49,23,1
236,21,394,0
710,60,392,0
924,52,99,0
685,54,434,0
794,39,41,0
1052,49,397,0
808,64,577,0
1935,100,295,0
1670,86,307,0
27,26,405,0
550,71,348,0
1220,7,522,0
1227,72,381,0
85,62,169,0
1856,90,17,0
1054,88,29,1
466,24,127,0
1123,40,133,0
1923,76,551,0
1214,47,599,1
12,8,313,0
1627,54,440,0
1013,9,186,1
1054,3,592,0
1749,54,47,0
1062,21,408,0
1877,95,594,0
572,48,267,0
1318,47,74,0
1384,88,296,0
1679,68,218,1
914,84,151,1
180,63,29,0
797,16,327,0
1136,74,113,0
1766,90,255,0
1468,93,486,1
1045,5,179,0
1169,11,351,1
1523,29,174,0
1170,79,6,1
441,70,562,0
887,48,366,1
421,15,300,0
1340,84,574,0
1190,34,594,1
1676,60,206,1
1227,62,293,1
1520,2,66,0
1780,80,506,0
1649,19,130,0
468,98,53,1
713,49,183,0
385,78,585,0
314,88,497,0
771,28,437,0
1279,48,576,1
959,96,306,0
917,37,173,0
23,74,273,0
1929,49,368,1
1782,48,104,0
339,73,219,0
1517,88,101,0
823,100,552,0
1535,29,341,0
366,60,363,0
1396,29,294,1
915,58,400,0
1854,48,364,1
1623,23,351,1
1243,27,128,0
475,95,556,0
1447,7,542,0
1380,49,426,1
1484,54,340,0
1527,68,507,1
27,78,61,0
942,42,80,0
802,74,470,0
801,59,289,0
860,44,390,0
1247,98,263,0
864,26,481,1
690,23,15,0
1172,73,264,0
1448,8,397,0
739,53,373,0
1375,14,188,0
1210,71,20,0
415,7,510,1
1830,9,90,0
982,3,14,0
429,78,481,0
41,17,168,1
905,44,28,1
1012,86,580,0
1417,46,316,0
703,90,242,0
79,58,466,0
717,28,466,0
1920,14,242,0
1814,9,26,1
1808,26,184,0
544,2,563,0
1474,75,503,0
474,81,479,0
1166,34,343,0
1275,19,535,0
294,39,166,0
610,82,65,0
136,13,89,0
484,5,551,1
1813,50,494,1
1336,23,9,0
814,88,80,0
555,29,257,1
1656,72,11,1
1756,26,477,0
46,79,142,0
1260,57,362,0
1072,1,167,1
198,28,322,1
84,62,462,0
543,47,257,0
1185,78,205,0
1452,98,536,0
71,59,169,0
520,31,236,0
1993,70,332,1
898,49,242,0
913,5,124,1
1076,31,254,0
1069,37,340,1
293,79,288,1
938,15,202,0
812,52,420,0
1489,69,399,0
1909,92,155,0
1574,97,269,0
867,11,224,1
380,43,220,0
1007,70,319,0
1767,23,220,1
1502,40,339,0
262,63,363,1
580,2,165,0
1203,79,515,0
357,87,161,0
1443,86,166,1
698,73,46,0
1977,47,184,0
1225,30,307,1
1926,16,334,0
1037,59,567,1
443,47,433,1
726,30,354,1
1756,9,124,0
286,65,79,1
1780,59,127,0
1892,64,186,1
1282,8,261,1
570,52,587,1
1572,18,273,0
840,91,497,1
1965,82,184,1
1514,96,153,0
498,58,522,0
1929,49,152,1
1918,32,13,0
705,48,182,1
1357,45,399,0
562,54,335,0
1999,100,60,1
32,100,211,1
1634,85,109,0
43,46,551,0
1917,96,359,1
1375,31,493,1
1358,37,597,0
1846,16,507,0
559,46,54,1
270,46,91,1
1968,78,307,1
1847,88,5,1
1437,89,385,0
943,61,366,1
1599,46,385,0
1043,51,166,0
1371,62,23,0
1929,35,247,0
1637,81,133,0
37,42,180,0
1643,45,413,0
92,68,88,0
1844,75,380,0
185,47,226,1
728,79,329,0
1052,30,455,0
1572,24,420,1
372,66,449,0
832,43,329,0
1554,34,527,0
345,23,170,0
1443,61,242,1
1220,95,17,1
78,37,261,0
167,13,518,0
1114,97,214,0
264,71,488,1
1496,96,369,0
1232,7,229,1
724,42,198,0
1295,38,200,0
1287,52,404,1
1530,44,61,0
1809,64,217,0
512,13,283,0
1878,88,384,0
1750,28,121,1
1910,96,455,1
576,82,414,0
1548,98,371,0
722,98,117,0
1336,1,168,0
1198,43,8,1
431,42,27,1
768,95,96,0
463,50,473,0
101,60,159,0
1040,1,211,0
1733,51,85,0
1282,16,487,0
1920,39,596,0
244,15,411,1
1372,33,107,0
1273,87,244,0
105,53,269,0
694,98,37,1
1691,17,39,1
1311,89,253,1
1193,6,54,1
1444,31,284,0
1071,69,156,1
1067,40,555,0
1345,30,541,1
818,69,234,1
221,76,292,0
1537,7,399,0
1736,13,457,1
1465,4,37,0
144,50,367,1
890,3,115,0
1052,12,125,0
1878,65,20,0
1874,27,527,0
790,50,102,0
553,77,120,0
844,17,475,0
659,72,443,0
1881,32,285,1
1714,84,353,0
1851,51,236,1
837,17,115,0
1019,34,356,0
1954,35,16,0
1191,99,492,0
1659,24,537,1
1610,54,289,1
751,18,549,0
249,50,396,0
775,46,174,0
764,48,81,1
1381,33,301,0
1135,87,334,1
692,89,67,1
1724,27,274,0
820,1,220,0
719,85,194,1
234,59,79,0
24,10,514,1
1050,95,583,1
1405,25,97,0
1754,84,57,0
1006,57,500,1
1370,66,98,1
1402,15,233,1
522,28,254,0
17,13,395,0
245,14,186,1
718,66,271,0
770,34,285,1
1648,99,87,0
717,25,190,1
1563,54,571,0
1993,79,535,1
1607,12,352,0
1712,9,427,1
1226,31,458,0
1272,78,271,0
118,93,511,0
9,53,146,1
598,43,320,0
23,38,236,0
1991,42,301,0
240,72,576,1
1609,48,26,0
27,67,388,0
984,66,130,1
1885,16,107,0
1105,83,114,0
1620,94,574,1
199,16,476,0
1579,31,69,0
775,58,476,1
92,28,574,0
851,4,80,0
1983,10,23,1
1108,51,388,1
300,18,194,0
1959,47,364,0
296,32,456,1
647,30,83,1
1478,36,176,0
1305,9,216,0
1001,36,449,0
1083,29,153,0
909,16,14,0
871,92,546,0
1366,21,59,0
753,64,184,1
1489,66,385,0
1904,59,426,0
342,99,455,1
1634,28,97,1
62,55,524,0
776,100,417,0
625,31,398,0
1453,33,335,0
1682,87,437,1
1752,60,167,0
256,41,44,1
828,81,89,1
1014,46,594,1
1852,49,95,0
1898,65,488,1
1794,42,389,0
1730,23,197,1
1371,27,257,0
1550,89,248,0
1328,32,274,0
615,83,23,0
245,88,44,0
757,3,520,0
824,60,37,0
780,76,454,0
1760,99,543,1
732,79,323,0
1847,17,128,0
1436,32,376,0
878,7,355,0
1241,83,327,0
516,71,492,0
474,69,455,1
36,58,357,1
1202,40,120,0
1411,85,17,1
1793,48,324,1
1041,51,169,0
1735,57,89,0
830,71,252,0
1072,37,436,0
1086,87,572,0
1093,75,483,1
1683,74,372,1
1895,85,361,1
366,55,412,1
1186,41,349,0
1763,97,183,0
945,20,429,0
976,33,545,0
1512,40,447,0
431,99,310,0
859,34,371,1
1513,62,40,0
230,100,467,0
370,91,150,1
178,19,150,0
1881,43,384,0
1434,69,172,1
568,63,279,0
1614,93,91,1
1294,10,158,0
1230,13,501,0
793,93,319,1
1764,5,564,1
900,58,278,0
1775,59,266,0
975,76,491,0
1824,59,458,0
82,77,447,0
846,86,266,1
762,15,547,0
1217,77,109,0
618,1,354,0
1213,38,442,1
1300,53,173,1
1098,52,347,0
1034,1,234,1
1659,11,27,0
216,58,285,0
290,40,523,1
445,86,257,0
923,99,408,0
552,60,137,1
193,44,278,0
1663,6,236,1
289,28,549,1
1988,31,83,1
583,8,39,0
1673,5,499,0
1168,54,114,0
1413,17,325,1
1890,38,579,0
1916,9,332,0
1431,74,388,0
1835,84,368,1
1394,78,236,1
857,14,418,0
1465,26,298,1
1971,93,551,1
781,62,178,0
896,91,396,0
920,25,106,0
1675,80,297,1
564,36,89,0
1553,98,205,0
1701,80,545,0
13,33,301,1
1726,3,60,0
987,87,476,0
340,11,20,0
865,58,70,0
1898,64,476,1
1888,18,585,1
1800,47,27,1
312,44,490,0
733,93,419,0
1128,59,309,0
339,50,181,1
1222,69,199,0
300,88,17,1
1468,29,170,0
359,93,154,1
1392,90,345,0
169,67,561,0
1173,2,178,0
761,25,171,0
768,19,598,1
982,40,584,0
42,2,101,0
202,83,408,0
970,65,81,1
1268,62,241,0
1693,91,295,1
464,54,140,0
449,45,371,1
913,49,552,0
798,99,252,0
794,69,218,1
437,38,74,0
1917,4,333,0
1774,17,20,1
531,53,491,1
565,85,178,0
1621,53,278,0
1297,31,528,0
1454,22,223,0
872,11,517,0
213,34,403,1
949,15,115,0
1897,10,468,0
1128,96,97,0
192,53,455,0
1965,48,400,0
1713,31,555,1
1683,37,483,0
1404,28,320,0
1991,31,357,0
1105,70,243,1
705,14,108,0
549,87,33,0
1401,16,93,1
1862,25,379,1
154,39,401,0
1666,66,567,1
571,38,368,0
1760,41,151,0
1785,98,318,0
240,40,552,0
374,64,456,0
1925,89,510,0
805,100,490,0
799,16,105,0
1228,82,111,0
611,77,295,0
1374,59,353,0
688,91,592,0
774,98,231,0
1807,11,592,0
143,1,54,0
1213,13,162,0
272,30,332,0
1556,69,81,1
1869,18,458,0
1324,78,314,0
426,13,331,1
46,32,512,0
95,71,111,1
1954,72,245,0
64,50,439,0
413,71,32,1
1667,80,253,1
1033,31,368,0
459,51,537,1
1739,27,476,1
1433,60,543,1
470,33,593,1
810,53,417,1
506,93,573,0
1710,72,169,0
1097,33,580,1
84,41,52,1
59,19,488,0
1045,85,162,1
1482,41,155,0
918,85,229,1
157,89,264,1
1855,42,391,1
1353,23,260,1
1597,75,65,0
576,33,400,1
837,20,401,0
680,25,166,0
203,90,384,0
1665,52,447,1
1781,12,353,1
1130,32,35,0
1857,33,75,1
1146,74,401,0
318,68,442,0
1206,15,6,0
1639,51,566,1
1340,6,139,0
1838,91,150,0
1797,69,183,0
1649,69,268,1
406,82,315,0
986,92,208,0
949,35,34,0
1094,86,63,0
1184,34,13,0
1264,63,328,1
1547,68,171,0
1162,18,341,0
495,26,383,1
679,86,246,0
1271,97,164,0
1890,61,239,1
1567,78,457,1
1548,95,203,0
1267,74,481,0
1644,88,37,0
1360,85,412,1
1446,48,93,1
835,72,225,0
194,96,73,0
308,31,298,1
1669,34,241,0
1931,87,164,0
506,89,294,1
281,7,558,1
1827,83,582,1
675,7,537,0
1814,47,339,1
933,8,586,0
1463,78,506,0
715,1,250,0
608,77,327,1
483,3,333,0
1247,53,551,0
1773,92,343,0
117,38,175,0
968,51,114,0
192,15,14,0
788,100,206,1
618,67,261,0
516,64,266,0
1554,68,434,0
307,5,511,1
1988,90,70,1
532,89,583,0
122,10,593,1
649,8,39,0
592,12,561,0
1178,64,495,0
870,59,584,1
1561,67,258,1
1476,91,21,0
1193,50,265,0
59,23,260,0
301,40,428,0
553,97,505,0
1574,78,290,1
1141,87,11,0
1811,95,501,1
1806,77,203,1
1151,76,422,0
1429,99,56,0
399,18,247,0
515,21,223,0
805,1,522,1
1909,38,113,0
498,41,355,0
942,42,70,1
528,9,14,0
398,23,206,0
1289,78,218,0
1775,11,72,0
1287,71,331,0
1422,31,54,0
1670,88,21,0
1749,26,527,0
1551,30,310,0
436,34,396,0
840,46,128,1
1954,69,508,0
360,5,229,0
1153,61,322,1
864,83,477,0
634,38,545,1
1265,28,362,1
1651,26,487,0
1733,61,433,0
1246,23,501,0
214,46,476,1
916,30,575,0
592,67,304,1
1799,92,88,0
135,33,381,0
1842,3,317,0
754,69,324,1
386,83,208,0
1327,42,359,0
1806,62,298,1
1311,58,508,1
