session_id,customer_id,start_time,device,location
1,285,2024-01-03 21:00:00,Mobile,Germany
2,305,2024-01-19 22:00:00,Desktop,Germany
3,429,2024-01-30 06:00:00,Mobile,Canada
4,477,2024-04-17 14:00:00,Desktop,USA
5,286,2024-10-07 04:00:00,Desktop,Canada
6,144,2024-04-20 07:00:00,Mobile,Canada
7,424,2024-12-27 15:00:00,Desktop,Canada
8,19,2024-03-12 00:00:00,Mobile,Canada
9,18,2024-12-29 04:00:00,Desktop,Germany
10,257,2024-01-03 00:00:00,Desktop,USA
11,78,2024-04-13 02:00:00,Mobile,Canada
12,371,2024-08-11 09:00:00,Mobile,Germany
13,175,2024-12-19 10:00:00,Desktop,Canada
14,498,2024-01-10 20:00:00,Mobile,UK
15,194,2024-10-28 06:00:00,Mobile,Canada
16,476,2024-08-06 01:00:00,Mobile,Canada
17,113,2024-04-21 12:00:00,Desktop,India
18,114,2024-03-26 09:00:00,Mobile,UK
19,222,2024-03-30 21:00:00,Mobile,USA
20,166,2024-01-12 16:00:00,Mobile,Canada
21,435,2024-01-14 01:00:00,Desktop,USA
22,319,2024-01-20 10:00:00,Mobile,UK
23,132,2024-08-30 22:00:00,Mobile,Canada
24,385,2024-03-10 23:00:00,Mobile,India
25,264,2024-07-29 04:00:00,Desktop,Germany
26,413,2024-07-04 03:00:00,Mobile,India
27,55,2024-04-20 03:00:00,Mobile,India
28,359,2024-01-20 09:00:00,Desktop,Germany
29,131,2024-01-24 21:00:00,Desktop,Germany
30,288,2024-08-14 04:00:00,Mobile,Germany
31,266,2024-08-17 20:00:00,Desktop,Canada
32,458,2024-11-05 07:00:00,Tablet,USA
33,467,2024-12-24 20:00:00,Mobile,USA
34,366,2024-07-20 05:00:00,Mobile,Germany
35,162,2024-09-16 12:00:00,Desktop,India
36,380,2024-01-20 16:00:00,Desktop,UK
37,481,2024-04-28 06:00:00,Tablet,Germany
38,87,2024-01-04 13:00:00,Desktop,India
39,55,2024-01-03 23:00:00,Mobile,India
40,476,2024-08-16 15:00:00,Desktop,Canada
41,288,2024-07-04 22:00:00,Desktop,Canada
42,178,2024-09-10 23:00:00,Desktop,USA
43,391,2024-06-10 17:00:00,Mobile,USA
44,349,2024-06-07 18:00:00,Tablet,UK
45,8,2024-10-31 13:00:00,Desktop,UK
46,321,2024-07-29 21:00:00,Desktop,UK
47,313,2024-05-31 12:00:00,Desktop,UK
48,247,2024-03-16 05:00:00,Mobile,India
49,323,2024-04-26 03:00:00,Desktop,India
50,472,2024-07-10 18:00:00,Mobile,USA
51,471,2024-06-21 03:00:00,Mobile,Canada
52,443,2024-12-15 22:00:00,Mobile,Canada
53,255,2024-04-22 22:00:00,Desktop,Germany
54,328,2024-05-25 19:00:00,Tablet,India
55,54,2024-04-22 14:00:00,Desktop,UK
56,249,2024-11-08 21:00:00,Desktop,UK
57,239,2024-10-27 00:00:00,Mobile,Germany
58,229,2024-07-16 03:00:00,Mobile,Canada
59,67,2024-05-27 15:00:00,Desktop,UK
60,51,2024-02-16 14:00:00,Desktop,Canada
61,97,2024-07-16 14:00:00,Mobile,Germany
62,92,2024-03-18 10:00:00,Desktop,Canada
63,495,2024-12-24 08:00:00,Mobile,Canada
64,264,2024-03-30 15:00:00,Mobile,Canada
65,418,2024-11-20 19:00:00,Desktop,UK
66,291,2024-03-01 09:00:00,Desktop,USA
67,96,2024-02-19 02:00:00,Desktop,India
68,88,2024-04-16 16:00:00,Mobile,Canada
69,78,2024-12-15 21:00:00,Mobile,Canada
70,288,2024-07-16 16:00:00,Desktop,Canada
71,120,2024-12-30 18:00:00,Mobile,USA
72,302,2024-09-01 18:00:00,Tablet,Germany
73,491,2024-02-04 13:00:00,Desktop,UK
74,400,2024-03-09 04:00:00,Tablet,USA
75,452,2024-02-18 20:00:00,Desktop,Canada
76,500,2024-03-14 04:00:00,Desktop,USA
77,165,2024-12-21 05:00:00,Desktop,USA
78,182,2024-03-30 03:00:00,Desktop,USA
79,469,2024-05-05 06:00:00,Desktop,Germany
80,398,2024-10-21 17:00:00,Desktop,India
81,223,2024-05-08 23:00:00,Tablet,UK
82,311,2024-11-08 03:00:00,Mobile,Germany
83,432,2024-11-21 08:00:00,Mobile,Germany
84,466,2024-06-30 13:00:00,Desktop,India
85,7,2024-11-11 11:00:00,Desktop,Germany
86,330,2024-07-06 19:00:00,Desktop,USA
87,263,2024-05-31 03:00:00,Mobile,USA
88,161,2024-07-31 23:00:00,Tablet,Canada
89,151,2024-12-29 09:00:00,Desktop,Germany
90,85,2024-12-07 06:00:00,Desktop,Canada
91,147,2024-06-11 22:00:00,Mobile,UK
92,112,2024-08-07 13:00:00,Desktop,USA
93,381,2024-04-29 09:00:00,Desktop,UK
94,403,2024-12-01 15:00:00,Mobile,India
95,36,2024-06-30 09:00:00,Mobile,USA
96,285,2024-08-04 12:00:00,Desktop,UK
97,188,2024-03-10 11:00:00,Desktop,India
98,82,2024-11-24 12:00:00,Tablet,UK
99,2,2024-08-15 23:00:00,Desktop,India
100,385,2024-04-16 19:00:00,Desktop,India
101,303,2024-12-03 10:00:00,Desktop,USA
102,197,2024-01-21 03:00:00,Desktop,Canada
103,404,2024-06-26 00:00:00,Desktop,India
104,11,2024-01-07 05:00:00,Mobile,India
105,234,2024-05-06 14:00:00,Desktop,USA
106,386,2024-06-08 23:00:00,Desktop,Canada
107,195,2024-07-21 19:00:00,Mobile,Germany
108,471,2024-05-22 15:00:00,Mobile,Germany
109,119,2024-07-17 20:00:00,Mobile,Canada
110,396,2024-06-02 11:00:00,Mobile,UK
111,20,2024-05-21 04:00:00,Desktop,USA
112,261,2024-11-09 20:00:00,Mobile,Canada
113,293,2024-03-22 04:00:00,Desktop,Germany
114,422,2024-05-10 22:00:00,Tablet,India
115,256,2024-08-05 04:00:00,Desktop,Germany
116,222,2024-10-31 18:00:00,Tablet,India
117,393,2024-12-10 20:00:00,Mobile,USA
118,226,2024-06-09 17:00:00,Desktop,India
119,53,2024-04-26 03:00:00,Mobile,Canada
120,428,2024-11-22 21:00:00,Tablet,India
121,355,2024-10-15 16:00:00,Mobile,UK
122,500,2024-05-31 01:00:00,Desktop,Canada
123,342,2024-01-28 10:00:00,Mobile,USA
124,364,2024-06-17 06:00:00,Desktop,Canada
125,280,2024-03-26 16:00:00,Desktop,UK
126,81,2024-01-17 01:00:00,Desktop,USA
127,202,2024-07-16 01:00:00,Desktop,Germany
128,158,2024-03-05 09:00:00,Mobile,UK
129,120,2024-12-06 04:00:00,Desktop,USA
130,59,2024-01-02 21:00:00,Mobile,India
131,494,2024-04-21 01:00:00,Desktop,Canada
132,215,2024-11-25 01:00:00,Desktop,USA
133,128,2024-05-23 15:00:00,Desktop,Canada
134,224,2024-05-04 06:00:00,Desktop,India
135,209,2024-03-26 11:00:00,Desktop,USA
136,370,2024-12-09 14:00:00,Desktop,Germany
137,115,2024-10-20 09:00:00,Mobile,UK
138,209,2024-04-08 18:00:00,Desktop,USA
139,14,2024-11-14 16:00:00,Desktop,India
140,9,2024-02-01 06:00:00,Desktop,USA
141,40,2024-10-03 19:00:00,Mobile,Canada
142,450,2024-06-02 03:00:00,Tablet,USA
143,237,2024-08-01 14:00:00,Desktop,Germany
144,281,2024-08-19 20:00:00,Desktop,USA
145,359,2024-03-19 21:00:00,Desktop,UK
146,201,2024-04-25 13:00:00,Tablet,USA
147,246,2024-06-16 16:00:00,Desktop,Canada
148,278,2024-03-06 23:00:00,Desktop,USA
149,235,2024-09-10 02:00:00,Desktop,Germany
150,494,2024-02-13 00:00:00,Desktop,India
151,4,2024-02-11 19:00:00,Desktop,USA
152,154,2024-08-14 05:00:00,Mobile,USA
153,442,2024-06-15 19:00:00,Desktop,UK
154,29,2024-10-05 17:00:00,Mobile,Germany
155,109,2024-07-15 18:00:00,Desktop,India
156,98,2024-09-23 23:00:00,Desktop,Canada
157,215,2024-09-24 09:00:00,Tablet,USA
158,293,2024-01-08 23:00:00,Desktop,India
159,75,2024-10-23 03:00:00,Mobile,Canada
160,326,2024-03-25 07:00:00,Mobile,Germany
161,146,2024-02-24 08:00:00,Desktop,Germany
162,128,2024-02-16 14:00:00,Tablet,India
163,341,2024-08-25 07:00:00,Desktop,Canada
164,42,2024-07-28 09:00:00,Mobile,Germany
165,356,2024-11-11 19:00:00,Desktop,India
166,41,2024-09-24 01:00:00,Mobile,Germany
167,422,2024-09-19 15:00:00,Desktop,Germany
168,34,2024-12-30 02:00:00,Mobile,Germany
169,17,2024-10-09 17:00:00,Mobile,UK
170,165,2024-12-28 07:00:00,Tablet,Canada
171,153,2024-08-07 00:00:00,Tablet,India
172,486,2024-01-08 04:00:00,Mobile,India
173,378,2024-06-24 10:00:00,Mobile,Canada
174,76,2024-04-10 03:00:00,Desktop,Canada
175,87,2024-09-02 18:00:00,Desktop,Canada
176,117,2024-02-01 08:00:00,Desktop,Canada
177,362,2024-01-12 10:00:00,Desktop,USA
178,342,2024-10-28 22:00:00,Desktop,India
179,469,2024-01-16 00:00:00,Mobile,USA
180,27,2024-03-03 12:00:00,Desktop,Germany
181,313,2024-01-21 12:00:00,Mobile,Germany
182,287,2024-06-10 03:00:00,Desktop,India
183,134,2024-04-11 22:00:00,Desktop,Germany
184,219,2024-05-07 04:00:00,Mobile,Canada
185,168,2024-01-25 02:00:00,Mobile,USA
186,98,2024-12-18 03:00:00,Mobile,Canada
187,268,2024-10-07 19:00:00,Mobile,Germany
188,237,2024-06-02 04:00:00,Desktop,USA
189,309,2024-08-14 08:00:00,Mobile,Canada
190,455,2024-05-13 18:00:00,Desktop,India
191,394,2024-02-29 11:00:00,Desktop,Canada
192,173,2024-12-29 11:00:00,Desktop,Germany
193,401,2024-07-31 23:00:00,Desktop,USA
194,410,2024-08-13 21:00:00,Desktop,India
195,469,2024-05-10 11:00:00,Tablet,USA
196,476,2024-10-12 15:00:00,Tablet,India
197,190,2024-10-03 23:00:00,Desktop,USA
198,122,2024-08-05 00:00:00,Desktop,Germany
199,46,2024-06-11 19:00:00,Desktop,India
200,64,2024-02-03 08:00:00,Desktop,UK
201,130,2024-11-02 14:00:00,Tablet,USA
202,310,2024-12-03 10:00:00,Desktop,USA
203,363,2024-10-05 15:00:00,Mobile,Canada
204,193,2024-05-29 16:00:00,Desktop,India
205,307,2024-11-20 11:00:00,Tablet,UK
206,181,2024-05-18 14:00:00,Desktop,Germany
207,292,2024-12-12 02:00:00,Mobile,Canada
208,371,2024-10-15 19:00:00,Desktop,UK
209,282,2024-09-28 01:00:00,Mobile,India
210,29,2024-03-06 02:00:00,Desktop,UK
211,149,2024-09-04 14:00:00,Desktop,USA
212,267,2024-07-19 19:00:00,Tablet,USA
213,296,2024-05-03 00:00:00,Tablet,Canada
214,11,2024-09-03 22:00:00,Mobile,India
215,164,2024-05-07 02:00:00,Mobile,India
216,113,2024-01-04 14:00:00,Mobile,UK
217,187,2024-10-20 14:00:00,Desktop,Canada
218,295,2024-07-09 20:00:00,Desktop,India
219,232,2024-08-14 20:00:00,Desktop,USA
220,227,2024-10-28 19:00:00,Mobile,UK
221,310,2024-05-21 03:00:00,Desktop,Germany
222,98,2024-02-08 08:00:00,Desktop,USA
223,55,2024-12-20 12:00:00,Mobile,Canada
224,111,2024-07-25 17:00:00,Mobile,India
225,152,2024-04-24 00:00:00,Desktop,USA
226,246,2024-05-13 22:00:00,Desktop,Germany
227,406,2024-03-31 01:00:00,Desktop,Germany
228,69,2024-02-15 05:00:00,Desktop,Canada
229,312,2024-05-21 03:00:00,Desktop,USA
230,289,2024-11-23 02:00:00,Mobile,UK
231,250,2024-05-26 13:00:00,Mobile,USA
232,36,2024-03-24 16:00:00,Mobile,Germany
233,239,2024-10-07 07:00:00,Desktop,Canada
234,148,2024-12-09 13:00:00,Mobile,Canada
235,467,2024-06-02 05:00:00,Desktop,UK
236,227,2024-08-02 21:00:00,Desktop,Canada
237,244,2024-03-23 13:00:00,Mobile,Canada
238,491,2024-10-01 08:00:00,Desktop,Canada
239,337,2024-10-10 19:00:00,Desktop,Canada
240,446,2024-06-21 06:00:00,Mobile,Canada
241,365,2024-07-24 08:00:00,Desktop,Germany
242,491,2024-09-07 22:00:00,Mobile,USA
243,482,2024-04-30 18:00:00,Desktop,India
244,201,2024-04-29 05:00:00,Mobile,Canada
245,154,2024-11-12 03:00:00,Desktop,India
246,450,2024-10-12 08:00:00,Desktop,India
247,73,2024-11-15 00:00:00,Mobile,Germany
248,201,2024-11-03 13:00:00,Desktop,Canada
249,296,2024-07-21 20:00:00,Desktop,India
250,17,2024-08-14 08:00:00,Desktop,Canada
251,129,2024-11-29 08:00:00,Desktop,UK
252,217,2024-07-14 03:00:00,Desktop,UK
253,61,2024-09-20 01:00:00,Desktop,UK
254,427,2024-12-26 13:00:00,Tablet,India
255,104,2024-03-26 08:00:00,Desktop,UK
256,42,2024-04-29 22:00:00,Desktop,Germany
257,25,2024-01-16 16:00:00,Desktop,Germany
258,39,2024-06-06 11:00:00,Desktop,India
259,291,2024-02-04 10:00:00,Tablet,Canada
260,131,2024-03-04 13:00:00,Desktop,USA
261,498,2024-02-19 20:00:00,Tablet,Canada
262,229,2024-09-11 20:00:00,Desktop,Canada
263,108,2024-11-20 15:00:00,Mobile,Canada
264,172,2024-10-02 04:00:00,Mobile,Canada
265,435,2024-06-20 00:00:00,Mobile,USA
266,478,2024-07-19 08:00:00,Mobile,UK
267,102,2024-11-19 02:00:00,Mobile,Canada
268,354,2024-08-03 00:00:00,Desktop,Germany
269,12,2024-01-08 12:00:00,Desktop,India
270,275,2024-12-08 14:00:00,Tablet,India
271,101,2024-11-27 21:00:00,Desktop,Germany
272,44,2024-03-16 13:00:00,Desktop,Canada
273,443,2024-02-16 14:00:00,Mobile,USA
274,305,2024-12-26 18:00:00,Desktop,UK
275,445,2024-01-26 19:00:00,Tablet,India
276,17,2024-04-02 21:00:00,Mobile,UK
277,330,2024-08-19 20:00:00,Mobile,USA
278,57,2024-11-02 05:00:00,Mobile,India
279,311,2024-10-02 18:00:00,Desktop,UK
280,497,2024-05-11 22:00:00,Desktop,USA
281,303,2024-12-13 03:00:00,Desktop,UK
282,12,2024-03-16 12:00:00,Desktop,Canada
283,318,2024-03-07 21:00:00,Mobile,USA
284,80,2024-07-12 23:00:00,Tablet,UK
285,216,2024-06-10 22:00:00,Desktop,Canada
286,339,2024-12-26 00:00:00,Desktop,Canada
287,264,2024-03-12 22:00:00,Tablet,USA
288,479,2024-09-18 21:00:00,Desktop,Germany
289,149,2024-06-01 17:00:00,Desktop,India
290,81,2024-03-01 11:00:00,Desktop,USA
291,215,2024-09-18 07:00:00,Tablet,Canada
292,485,2024-12-27 00:00:00,Mobile,Canada
293,374,2024-04-02 12:00:00,Mobile,USA
294,464,2024-08-28 02:00:00,Mobile,Germany
295,198,2024-05-21 02:00:00,Desktop,India
296,200,2024-08-24 19:00:00,Desktop,UK
297,25,2024-11-07 16:00:00,Mobile,USA
298,466,2024-05-20 05:00:00,Desktop,India
299,89,2024-02-18 13:00:00,Mobile,India
300,268,2024-07-08 07:00:00,Tablet,Canada
301,143,2024-02-12 19:00:00,Mobile,UK
302,59,2024-12-18 06:00:00,Mobile,USA
303,410,2024-12-06 20:00:00,Mobile,Canada
304,489,2024-07-10 09:00:00,Mobile,Canada
305,365,2024-12-28 21:00:00,Desktop,Germany
306,26,2024-08-20 08:00:00,Desktop,India
307,47,2024-12-09 04:00:00,Desktop,USA
308,288,2024-10-31 08:00:00,Mobile,USA
309,266,2024-01-17 23:00:00,Desktop,USA
310,16,2024-10-03 18:00:00,Mobile,Canada
311,199,2024-02-28 06:00:00,Desktop,Germany
312,401,2024-07-01 08:00:00,Mobile,UK
313,407,2024-02-08 12:00:00,Desktop,Canada
314,282,2024-07-10 10:00:00,Mobile,UK
315,469,2024-05-26 10:00:00,Mobile,Germany
316,86,2024-11-28 13:00:00,Desktop,India
317,250,2024-02-14 00:00:00,Desktop,USA
318,391,2024-06-16 11:00:00,Mobile,UK
319,270,2024-01-19 11:00:00,Desktop,Canada
320,335,2024-03-12 07:00:00,Desktop,UK
321,117,2024-04-18 11:00:00,Tablet,India
322,7,2024-08-27 00:00:00,Mobile,USA
323,137,2024-10-27 06:00:00,Tablet,UK
324,371,2024-09-06 04:00:00,Desktop,India
325,176,2024-01-08 13:00:00,Desktop,Canada
326,328,2024-12-08 12:00:00,Mobile,Germany
327,498,2024-08-02 16:00:00,Mobile,Canada
328,315,2024-06-23 19:00:00,Mobile,USA
329,215,2024-12-03 17:00:00,Desktop,Canada
330,477,2024-11-19 00:00:00,Desktop,Canada
331,82,2024-05-06 03:00:00,Desktop,Canada
332,223,2024-03-22 04:00:00,Desktop,Canada
333,478,2024-05-26 14:00:00,Desktop,USA
334,372,2024-03-24 16:00:00,Desktop,India
335,423,2024-08-12 11:00:00,Tablet,UK
336,483,2024-08-30 14:00:00,Desktop,Germany
337,402,2024-02-10 06:00:00,Mobile,UK
338,443,2024-09-14 08:00:00,Mobile,UK
339,490,2024-07-20 01:00:00,Mobile,Germany
340,103,2024-11-02 10:00:00,Desktop,USA
341,273,2024-09-22 13:00:00,Mobile,Germany
342,14,2024-07-28 18:00:00,Mobile,USA
343,159,2024-04-27 08:00:00,Mobile,UK
344,152,2024-02-08 02:00:00,Mobile,USA
345,483,2024-03-24 05:00:00,Tablet,India
346,108,2024-06-03 20:00:00,Mobile,Germany
347,188,2024-01-02 05:00:00,Desktop,India
348,301,2024-12-15 07:00:00,Mobile,UK
349,98,2024-09-14 16:00:00,Desktop,Germany
350,131,2024-09-24 02:00:00,Mobile,UK
351,293,2024-08-22 00:00:00,Desktop,India
352,171,2024-11-06 12:00:00,Desktop,UK
353,424,2024-12-22 20:00:00,Mobile,Germany
354,474,2024-03-02 16:00:00,Mobile,Germany
355,183,2024-05-06 22:00:00,Desktop,UK
356,471,2024-10-20 20:00:00,Desktop,Germany
357,364,2024-04-16 17:00:00,Mobile,Germany
358,39,2024-04-08 12:00:00,Desktop,UK
359,15,2024-03-13 20:00:00,Mobile,India
360,376,2024-05-01 11:00:00,Desktop,Germany
361,497,2024-12-19 02:00:00,Mobile,Germany
362,4,2024-07-13 11:00:00,Mobile,Germany
363,349,2024-11-30 08:00:00,Desktop,Germany
364,470,2024-03-03 22:00:00,Desktop,UK
365,409,2024-12-25 10:00:00,Desktop,India
366,397,2024-02-17 21:00:00,Mobile,India
367,210,2024-04-09 00:00:00,Mobile,USA
368,161,2024-06-15 01:00:00,Mobile,Germany
369,16,2024-06-04 04:00:00,Desktop,Germany
370,493,2024-01-07 03:00:00,Desktop,USA
371,426,2024-02-25 00:00:00,Desktop,India
372,108,2024-07-11 14:00:00,Desktop,Canada
373,382,2024-05-27 18:00:00,Mobile,Canada
374,450,2024-06-05 09:00:00,Mobile,India
375,311,2024-05-05 10:00:00,Mobile,Germany
376,227,2024-10-31 16:00:00,Desktop,Canada
377,170,2024-10-20 04:00:00,Tablet,UK
378,34,2024-06-24 19:00:00,Mobile,UK
379,414,2024-07-22 05:00:00,Tablet,USA
380,251,2024-11-16 03:00:00,Mobile,India
381,247,2024-04-22 12:00:00,Desktop,India
382,269,2024-11-20 23:00:00,Desktop,Canada
383,141,2024-12-09 02:00:00,Mobile,Germany
384,274,2024-03-15 12:00:00,Desktop,India
385,416,2024-09-16 13:00:00,Desktop,Canada
386,96,2024-12-28 09:00:00,Mobile,Canada
387,227,2024-02-20 17:00:00,Mobile,India
388,379,2024-09-18 14:00:00,Mobile,Canada
389,39,2024-09-01 09:00:00,Desktop,USA
390,302,2024-05-01 04:00:00,Desktop,USA
391,500,2024-06-18 04:00:00,Mobile,India
392,29,2024-02-04 22:00:00,Tablet,Germany
393,446,2024-05-13 03:00:00,Mobile,USA
394,497,2024-09-30 08:00:00,Tablet,USA
395,477,2024-10-11 12:00:00,Mobile,India
396,318,2024-02-28 14:00:00,Mobile,UK
397,245,2024-05-05 19:00:00,Desktop,Canada
398,236,2024-04-18 15:00:00,Mobile,USA
399,185,2024-10-04 03:00:00,Mobile,UK
400,272,2024-03-09 04:00:00,Mobile,Germany
401,440,2024-10-31 12:00:00,Desktop,UK
402,236,2024-06-10 12:00:00,Mobile,India
403,239,2024-12-07 20:00:00,Desktop,Germany
404,377,2024-12-08 18:00:00,Mobile,Germany
405,266,2024-02-11 01:00:00,Desktop,UK
406,414,2024-04-18 18:00:00,Mobile,India
407,409,2024-09-06 16:00:00,Desktop,USA
408,359,2024-12-06 13:00:00,Desktop,UK
409,340,2024-01-21 11:00:00,Desktop,USA
410,389,2024-05-18 06:00:00,Mobile,UK
411,65,2024-11-19 18:00:00,Desktop,USA
412,478,2024-04-01 23:00:00,Desktop,UK
413,177,2024-05-04 02:00:00,Mobile,Germany
414,3,2024-04-20 01:00:00,Desktop,Canada
415,429,2024-05-18 03:00:00,Tablet,Germany
416,142,2024-09-29 02:00:00,Tablet,USA
417,376,2024-09-08 17:00:00,Mobile,India
418,158,2024-04-13 21:00:00,Desktop,Germany
419,498,2024-09-05 23:00:00,Mobile,Canada
420,324,2024-09-06 18:00:00,Desktop,USA
421,146,2024-06-13 06:00:00,Desktop,Germany
422,446,2024-12-06 07:00:00,Desktop,UK
423,293,2024-10-10 04:00:00,Tablet,India
424,153,2024-05-24 04:00:00,Desktop,USA
425,432,2024-06-12 21:00:00,Mobile,Germany
426,193,2024-05-26 20:00:00,Mobile,USA
427,437,2024-12-19 10:00:00,Desktop,UK
428,494,2024-11-05 12:00:00,Desktop,Canada
429,463,2024-02-16 11:00:00,Tablet,Germany
430,73,2024-09-02 20:00:00,Mobile,USA
431,399,2024-09-02 10:00:00,Mobile,USA
432,305,2024-01-05 16:00:00,Desktop,USA
433,377,2024-07-02 19:00:00,Desktop,Canada
434,344,2024-02-15 11:00:00,Desktop,USA
435,452,2024-03-10 16:00:00,Desktop,India
436,140,2024-05-26 15:00:00,Desktop,India
437,187,2024-04-17 11:00:00,Mobile,USA
438,293,2024-11-03 05:00:00,Desktop,India
439,61,2024-07-01 03:00:00,Desktop,Germany
440,485,2024-04-11 10:00:00,Mobile,India
441,427,2024-08-03 22:00:00,Mobile,USA
442,380,2024-07-21 18:00:00,Desktop,UK
443,198,2024-08-29 16:00:00,Mobile,Germany
444,295,2024-06-27 20:00:00,Desktop,Canada
445,440,2024-08-06 17:00:00,Desktop,USA
446,319,2024-04-01 18:00:00,Desktop,Canada
447,302,2024-06-23 14:00:00,Mobile,UK
448,344,2024-09-16 06:00:00,Desktop,Canada
449,11,2024-12-30 02:00:00,Desktop,USA
450,62,2024-02-17 08:00:00,Desktop,USA
451,333,2024-11-23 19:00:00,Mobile,UK
452,226,2024-12-02 16:00:00,Desktop,USA
453,153,2024-08-12 07:00:00,Desktop,UK
454,199,2024-05-26 05:00:00,Desktop,UK
455,52,2024-11-18 04:00:00,Desktop,USA
456,260,2024-01-13 14:00:00,Mobile,India
457,59,2024-07-07 22:00:00,Mobile,UK
458,72,2024-07-26 17:00:00,Desktop,USA
459,148,2024-01-22 21:00:00,Desktop,India
460,349,2024-06-19 02:00:00,Desktop,UK
461,63,2024-02-23 09:00:00,Desktop,India
462,310,2024-10-24 20:00:00,Desktop,Germany
463,373,2024-07-22 01:00:00,Mobile,Germany
464,243,2024-06-17 23:00:00,Tablet,India
465,493,2024-02-04 23:00:00,Tablet,UK
466,366,2024-10-12 14:00:00,Mobile,USA
467,330,2024-06-11 18:00:00,Mobile,Canada
468,107,2024-09-20 16:00:00,Mobile,USA
469,226,2024-11-22 06:00:00,Desktop,Canada
470,313,2024-03-07 00:00:00,Mobile,Canada
471,218,2024-10-18 04:00:00,Desktop,UK
472,425,2024-01-01 14:00:00,Desktop,India
473,241,2024-02-06 12:00:00,Mobile,USA
474,259,2024-08-19 07:00:00,Desktop,India
475,376,2024-07-06 08:00:00,Desktop,Germany
476,262,2024-05-06 00:00:00,Tablet,UK
477,5,2024-06-12 02:00:00,Desktop,UK
478,261,2024-07-12 07:00:00,Desktop,Germany
479,54,2024-01-23 08:00:00,Tablet,USA
480,47,2024-10-16 13:00:00,Mobile,Germany
481,215,2024-09-16 05:00:00,Mobile,USA
482,177,2024-03-15 02:00:00,Desktop,Canada
483,9,2024-03-12 02:00:00,Desktop,UK
484,99,2024-07-06 12:00:00,Mobile,USA
485,20,2024-06-21 01:00:00,Mobile,India
486,378,2024-02-14 18:00:00,Mobile,India
487,241,2024-05-02 05:00:00,Desktop,UK
488,61,2024-01-16 01:00:00,Desktop,Germany
489,379,2024-05-24 22:00:00,Tablet,Germany
490,490,2024-06-10 09:00:00,Desktop,USA
491,419,2024-05-23 05:00:00,Mobile,Germany
492,178,2024-07-06 01:00:00,Desktop,UK
493,338,2024-01-13 23:00:00,Mobile,USA
494,62,2024-04-20 01:00:00,Tablet,Canada
495,145,2024-10-21 02:00:00,Mobile,Germany
496,216,2024-08-02 13:00:00,Desktop,Germany
497,3,2024-04-29 22:00:00,Mobile,USA
498,160,2024-01-27 21:00:00,Mobile,India
499,227,2024-08-08 06:00:00,Desktop,Germany
500,486,2024-02-22 06:00:00,Mobile,UK
501,269,2024-11-16 16:00:00,Mobile,Germany
502,120,2024-08-20 20:00:00,Mobile,Canada
503,381,2024-09-25 20:00:00,Mobile,Germany
504,495,2024-02-22 18:00:00,Desktop,India
505,89,2024-11-08 21:00:00,Desktop,Germany
506,329,2024-01-31 16:00:00,Desktop,USA
507,68,2024-07-01 22:00:00,Tablet,Germany
508,398,2024-02-01 09:00:00,Mobile,India
509,357,2024-01-10 03:00:00,Mobile,USA
510,98,2024-02-23 19:00:00,Desktop,UK
511,267,2024-05-27 17:00:00,Desktop,USA
512,105,2024-01-14 17:00:00,Mobile,Canada
513,440,2024-02-22 23:00:00,Desktop,USA
514,323,2024-11-30 21:00:00,Desktop,UK
515,123,2024-01-30 03:00:00,Mobile,Germany
516,476,2024-07-23 22:00:00,Desktop,USA
517,29,2024-09-20 17:00:00,Desktop,USA
518,137,2024-01-12 22:00:00,Desktop,USA
519,195,2024-10-16 17:00:00,Desktop,USA
520,409,2024-09-04 01:00:00,Tablet,UK
521,226,2024-05-06 10:00:00,Desktop,India
522,332,2024-12-26 11:00:00,Desktop,India
523,170,2024-02-18 14:00:00,Desktop,USA
524,9,2024-08-28 17:00:00,Mobile,UK
525,463,2024-04-05 21:00:00,Desktop,UK
526,40,2024-10-20 16:00:00,Mobile,USA
527,25,2024-12-08 23:00:00,Desktop,Canada
528,261,2024-11-01 07:00:00,Desktop,USA
529,395,2024-11-20 11:00:00,Desktop,Canada
530,443,2024-11-15 10:00:00,Mobile,USA
531,226,2024-04-30 00:00:00,Mobile,Canada
532,472,2024-04-16 18:00:00,Desktop,Canada
533,124,2024-05-16 01:00:00,Mobile,USA
534,463,2024-04-09 17:00:00,Tablet,Canada
535,38,2024-11-02 12:00:00,Desktop,Germany
536,328,2024-03-23 16:00:00,Mobile,India
537,251,2024-07-16 15:00:00,Desktop,UK
538,389,2024-02-25 11:00:00,Tablet,Canada
539,176,2024-06-27 04:00:00,Mobile,Canada
540,90,2024-07-04 22:00:00,Tablet,UK
541,402,2024-08-05 00:00:00,Mobile,Canada
542,454,2024-11-11 23:00:00,Desktop,UK
543,37,2024-06-23 22:00:00,Tablet,USA
544,316,2024-07-31 20:00:00,Desktop,Germany
545,176,2024-08-22 12:00:00,Desktop,Germany
546,461,2024-04-10 00:00:00,Mobile,India
547,284,2024-01-24 11:00:00,Mobile,Canada
548,453,2024-01-11 16:00:00,Tablet,India
549,461,2024-10-07 08:00:00,Desktop,USA
550,81,2024-01-21 19:00:00,Mobile,Germany
551,114,2024-07-29 11:00:00,Mobile,USA
552,40,2024-10-19 09:00:00,Desktop,USA
553,301,2024-04-10 21:00:00,Desktop,Canada
554,224,2024-10-30 06:00:00,Desktop,USA
555,318,2024-01-28 08:00:00,Desktop,Germany
556,349,2024-12-20 14:00:00,Tablet,India
557,115,2024-05-25 13:00:00,Mobile,Germany
558,186,2024-08-14 11:00:00,Mobile,Canada
559,323,2024-12-26 06:00:00,Tablet,Germany
560,56,2024-01-13 17:00:00,Desktop,UK
561,40,2024-08-16 12:00:00,Mobile,India
562,354,2024-04-09 01:00:00,Desktop,UK
563,40,2024-01-16 08:00:00,Mobile,UK
564,347,2024-11-24 05:00:00,Desktop,Canada
565,461,2024-11-05 23:00:00,Tablet,USA
566,237,2024-04-09 12:00:00,Desktop,UK
567,289,2024-12-08 12:00:00,Desktop,Germany
568,262,2024-08-24 01:00:00,Mobile,USA
569,216,2024-08-03 07:00:00,Desktop,Germany
570,147,2024-09-19 03:00:00,Mobile,Germany
571,336,2024-09-30 02:00:00,Desktop,USA
572,168,2024-01-28 05:00:00,Mobile,USA
573,92,2024-05-28 07:00:00,Desktop,Germany
574,353,2024-11-05 21:00:00,Desktop,Canada
575,59,2024-03-05 03:00:00,Desktop,India
576,59,2024-01-21 10:00:00,Desktop,India
577,304,2024-08-14 12:00:00,Desktop,Canada
578,169,2024-11-08 16:00:00,Desktop,USA
579,269,2024-04-27 21:00:00,Desktop,Germany
580,363,2024-05-17 20:00:00,Desktop,India
581,45,2024-02-13 14:00:00,Mobile,Germany
582,345,2024-02-22 09:00:00,Mobile,Canada
583,181,2024-02-15 12:00:00,Desktop,Germany
584,170,2024-06-13 05:00:00,Mobile,Canada
585,356,2024-10-06 01:00:00,Mobile,USA
586,191,2024-12-02 03:00:00,Desktop,Canada
587,155,2024-05-17 02:00:00,Mobile,Canada
588,422,2024-04-20 05:00:00,Desktop,India
589,188,2024-01-17 11:00:00,Mobile,Germany
590,7,2024-06-30 19:00:00,Desktop,India
591,133,2024-01-24 10:00:00,Mobile,UK
592,235,2024-08-15 05:00:00,Mobile,Canada
593,45,2024-11-16 19:00:00,Desktop,UK
594,314,2024-04-28 15:00:00,Desktop,India
595,249,2024-06-23 16:00:00,Tablet,Germany
596,499,2024-04-13 11:00:00,Desktop,India
597,31,2024-10-09 21:00:00,Mobile,Germany
598,23,2024-06-29 09:00:00,Tablet,Germany
599,426,2024-07-05 14:00:00,Mobile,USA
600,394,2024-08-09 08:00:00,Mobile,Canada
601,160,2024-06-10 04:00:00,Mobile,India
602,363,2024-05-13 06:00:00,Mobile,Germany
603,437,2024-08-11 20:00:00,Desktop,India
604,158,2024-06-01 00:00:00,Desktop,India
605,39,2024-02-24 06:00:00,Desktop,Germany
606,415,2024-08-31 11:00:00,Tablet,UK
607,82,2024-01-16 15:00:00,Mobile,Canada
608,356,2024-02-12 20:00:00,Desktop,Canada
609,258,2024-05-14 03:00:00,Mobile,USA
610,206,2024-04-20 18:00:00,Desktop,USA
611,77,2024-06-08 10:00:00,Desktop,USA
612,477,2024-09-20 00:00:00,Mobile,Canada
613,12,2024-08-04 23:00:00,Desktop,UK
614,295,2024-02-14 21:00:00,Mobile,Canada
615,450,2024-02-28 03:00:00,Desktop,Canada
616,224,2024-04-13 02:00:00,Mobile,Canada
617,13,2024-06-05 01:00:00,Mobile,Canada
618,46,2024-08-13 12:00:00,Desktop,UK
619,155,2024-03-19 22:00:00,Tablet,USA
620,113,2024-08-05 03:00:00,Mobile,India
621,233,2024-03-30 07:00:00,Desktop,USA
622,17,2024-04-28 04:00:00,Desktop,USA
623,360,2024-11-07 19:00:00,Mobile,India
624,223,2024-11-26 14:00:00,Desktop,Canada
625,354,2024-10-14 21:00:00,Desktop,UK
626,188,2024-08-20 16:00:00,Desktop,UK
627,448,2024-02-28 11:00:00,Desktop,USA
628,344,2024-07-17 09:00:00,Mobile,India
629,365,2024-01-26 09:00:00,Desktop,Germany
630,163,2024-10-27 18:00:00,Desktop,Canada
631,496,2024-09-23 12:00:00,Desktop,USA
632,326,2024-06-29 07:00:00,Desktop,UK
633,467,2024-12-25 03:00:00,Tablet,India
634,414,2024-12-16 10:00:00,Desktop,India
635,455,2024-11-16 16:00:00,Tablet,USA
636,74,2024-06-23 19:00:00,Desktop,Germany
637,233,2024-04-11 23:00:00,Desktop,UK
638,224,2024-07-06 14:00:00,Mobile,USA
639,482,2024-06-07 08:00:00,Desktop,Germany
640,319,2024-06-22 17:00:00,Mobile,India
641,412,2024-10-08 16:00:00,Tablet,Canada
642,60,2024-01-05 19:00:00,Desktop,UK
643,335,2024-11-03 08:00:00,Desktop,UK
644,222,2024-09-04 21:00:00,Mobile,Germany
645,37,2024-06-09 17:00:00,Desktop,USA
646,477,2024-08-13 14:00:00,Desktop,India
647,278,2024-08-11 20:00:00,Desktop,Germany
648,196,2024-02-15 04:00:00,Desktop,Canada
649,404,2024-10-20 21:00:00,Mobile,Canada
650,352,2024-07-28 13:00:00,Desktop,Canada
651,484,2024-07-20 13:00:00,Desktop,Germany
652,242,2024-08-10 02:00:00,Mobile,India
653,324,2024-01-06 07:00:00,Desktop,UK
654,219,2024-08-22 11:00:00,Desktop,USA
655,192,2024-06-09 16:00:00,Mobile,UK
656,17,2024-08-27 10:00:00,Desktop,India
657,12,2024-11-28 17:00:00,Mobile,UK
658,406,2024-01-11 11:00:00,Mobile,Germany
659,401,2024-03-10 08:00:00,Desktop,Canada
660,394,2024-09-28 03:00:00,Mobile,India
661,374,2024-12-20 15:00:00,Desktop,India
662,193,2024-07-02 11:00:00,Desktop,UK
663,22,2024-05-18 04:00:00,Mobile,Germany
664,474,2024-03-29 17:00:00,Mobile,UK
665,120,2024-01-19 22:00:00,Desktop,UK
666,210,2024-11-06 05:00:00,Mobile,India
667,306,2024-06-02 05:00:00,Tablet,UK
668,270,2024-09-16 11:00:00,Tablet,Canada
669,192,2024-10-11 01:00:00,Mobile,UK
670,175,2024-09-29 10:00:00,Desktop,Canada
671,285,2024-10-25 20:00:00,Desktop,India
672,204,2024-12-01 01:00:00,Tablet,Germany
673,164,2024-09-03 07:00:00,Desktop,Canada
674,251,2024-05-20 09:00:00,Mobile,Germany
675,227,2024-01-08 03:00:00,Desktop,Germany
676,436,2024-04-03 00:00:00,Desktop,Canada
677,381,2024-02-08 16:00:00,Desktop,India
678,460,2024-07-05 19:00:00,Tablet,USA
679,7,2024-03-28 17:00:00,Desktop,Germany
680,29,2024-12-07 21:00:00,Mobile,Germany
681,395,2024-02-13 08:00:00,Desktop,India
682,33,2024-03-14 03:00:00,Desktop,India
683,134,2024-04-10 09:00:00,Desktop,UK
684,367,2024-09-11 10:00:00,Mobile,India
685,79,2024-08-03 09:00:00,Desktop,Germany
686,416,2024-09-08 07:00:00,Desktop,Canada
687,435,2024-11-17 22:00:00,Desktop,USA
688,459,2024-03-31 21:00:00,Desktop,UK
689,58,2024-04-10 02:00:00,Tablet,Canada
690,471,2024-12-29 12:00:00,Tablet,USA
691,26,2024-06-21 09:00:00,Desktop,USA
692,482,2024-08-15 08:00:00,Mobile,USA
693,430,2024-09-04 22:00:00,Tablet,Canada
694,226,2024-06-03 01:00:00,Desktop,UK
695,285,2024-05-08 06:00:00,Mobile,UK
696,4,2024-08-28 02:00:00,Tablet,USA
697,465,2024-04-26 02:00:00,Desktop,Canada
698,99,2024-04-08 16:00:00,Desktop,USA
699,397,2024-12-24 13:00:00,Tablet,India
700,489,2024-01-17 17:00:00,Mobile,UK
701,39,2024-06-21 19:00:00,Desktop,Germany
702,271,2024-12-14 19:00:00,Desktop,USA
703,375,2024-06-29 17:00:00,Desktop,India
704,285,2024-11-19 00:00:00,Mobile,UK
705,157,2024-04-23 00:00:00,Mobile,Canada
706,75,2024-02-27 12:00:00,Tablet,UK
707,372,2024-04-25 22:00:00,Desktop,Canada
708,288,2024-09-22 10:00:00,Mobile,Canada
709,130,2024-02-10 08:00:00,Mobile,USA
710,175,2024-07-11 16:00:00,Desktop,USA
711,462,2024-10-04 01:00:00,Desktop,UK
712,84,2024-08-24 08:00:00,Tablet,India
713,22,2024-08-08 03:00:00,Mobile,UK
714,459,2024-07-15 10:00:00,Desktop,Germany
715,27,2024-11-07 18:00:00,Mobile,Canada
716,195,2024-05-28 02:00:00,Desktop,Canada
717,337,2024-03-16 18:00:00,Mobile,USA
718,382,2024-04-18 06:00:00,Mobile,India
719,236,2024-10-29 22:00:00,Mobile,USA
720,440,2024-11-22 07:00:00,Tablet,Germany
721,92,2024-05-12 20:00:00,Mobile,UK
722,477,2024-05-11 22:00:00,Desktop,UK
723,21,2024-12-27 19:00:00,Mobile,India
724,303,2024-08-29 19:00:00,Desktop,USA
725,464,2024-04-18 07:00:00,Desktop,USA
726,357,2024-02-10 15:00:00,Desktop,Germany
727,443,2024-05-26 15:00:00,Desktop,UK
728,84,2024-04-12 13:00:00,Mobile,USA
729,262,2024-11-19 14:00:00,Desktop,India
730,147,2024-07-13 14:00:00,Mobile,UK
731,441,2024-10-06 07:00:00,Mobile,Germany
732,453,2024-07-07 03:00:00,Desktop,India
733,387,2024-01-24 23:00:00,Mobile,Canada
734,257,2024-01-04 02:00:00,Desktop,Germany
735,58,2024-10-16 16:00:00,Desktop,India
736,380,2024-06-29 23:00:00,Mobile,USA
737,422,2024-04-25 22:00:00,Desktop,Canada
738,15,2024-12-30 04:00:00,Desktop,Germany
739,162,2024-12-16 20:00:00,Mobile,USA
740,445,2024-11-13 08:00:00,Mobile,Canada
741,163,2024-11-08 21:00:00,Desktop,UK
742,320,2024-11-21 04:00:00,Tablet,USA
743,497,2024-11-08 09:00:00,Mobile,India
744,281,2024-06-16 06:00:00,Mobile,Germany
745,280,2024-04-12 05:00:00,Desktop,Canada
746,12,2024-03-25 19:00:00,Mobile,USA
747,274,2024-01-03 18:00:00,Mobile,UK
748,271,2024-12-07 14:00:00,Mobile,Germany
749,492,2024-11-27 05:00:00,Mobile,Germany
750,208,2024-08-26 08:00:00,Desktop,USA
751,27,2024-12-08 17:00:00,Desktop,UK
752,72,2024-01-30 04:00:00,Desktop,Canada
753,60,2024-01-25 15:00:00,Desktop,USA
754,430,2024-07-24 15:00:00,Mobile,Canada
755,473,2024-02-16 21:00:00,Desktop,Germany
756,145,2024-08-15 06:00:00,Tablet,Canada
757,93,2024-01-16 23:00:00,Tablet,UK
758,309,2024-01-22 20:00:00,Desktop,India
759,8,2024-11-05 20:00:00,Desktop,UK
760,79,2024-08-28 15:00:00,Mobile,Canada
761,27,2024-02-28 22:00:00,Tablet,USA
762,174,2024-10-13 09:00:00,Desktop,Germany
763,50,2024-07-20 01:00:00,Desktop,India
764,500,2024-09-11 08:00:00,Mobile,USA
765,199,2024-05-18 09:00:00,Mobile,USA
766,387,2024-08-01 16:00:00,Desktop,UK
767,349,2024-11-19 15:00:00,Mobile,Canada
768,448,2024-04-20 20:00:00,Desktop,UK
769,428,2024-12-22 05:00:00,Desktop,Canada
770,181,2024-08-28 00:00:00,Desktop,UK
771,24,2024-07-09 18:00:00,Desktop,USA
772,316,2024-10-18 16:00:00,Desktop,Germany
773,378,2024-03-28 01:00:00,Desktop,Canada
774,387,2024-04-13 14:00:00,Desktop,India
775,404,2024-04-05 06:00:00,Desktop,India
776,46,2024-07-16 00:00:00,Desktop,USA
777,15,2024-06-15 16:00:00,Tablet,UK
778,153,2024-09-07 08:00:00,Desktop,UK
779,222,2024-03-13 12:00:00,Desktop,USA
780,206,2024-03-10 05:00:00,Mobile,India
781,455,2024-12-05 19:00:00,Tablet,India
782,273,2024-09-01 02:00:00,Desktop,UK
783,382,2024-12-02 16:00:00,Mobile,Canada
784,236,2024-03-16 15:00:00,Mobile,Germany
785,340,2024-06-23 12:00:00,Mobile,Canada
786,228,2024-07-01 00:00:00,Desktop,India
787,9,2024-12-02 02:00:00,Mobile,Canada
788,166,2024-09-27 03:00:00,Desktop,Germany
789,432,2024-02-01 03:00:00,Mobile,Canada
790,444,2024-12-04 10:00:00,Mobile,Canada
791,319,2024-03-18 00:00:00,Desktop,Canada
792,214,2024-09-26 01:00:00,Mobile,Canada
793,117,2024-07-07 22:00:00,Desktop,USA
794,386,2024-08-03 18:00:00,Mobile,India
795,344,2024-06-16 18:00:00,Desktop,Germany
796,72,2024-07-11 04:00:00,Desktop,India
797,395,2024-10-09 15:00:00,Desktop,USA
798,64,2024-01-13 15:00:00,Tablet,USA
799,205,2024-11-15 02:00:00,Desktop,USA
800,209,2024-05-26 11:00:00,Desktop,USA
801,72,2024-03-20 10:00:00,Desktop,Canada
802,277,2024-03-29 19:00:00,Mobile,India
803,274,2024-04-04 03:00:00,Mobile,UK
804,478,2024-05-30 01:00:00,Desktop,Germany
805,320,2024-01-22 18:00:00,Desktop,USA
806,338,2024-11-08 04:00:00,Desktop,India
807,366,2024-11-23 06:00:00,Desktop,USA
808,495,2024-07-24 23:00:00,Desktop,USA
809,95,2024-04-23 15:00:00,Mobile,USA
810,166,2024-03-23 18:00:00,Desktop,USA
811,32,2024-07-28 19:00:00,Desktop,USA
812,11,2024-11-23 00:00:00,Desktop,Germany
813,301,2024-04-22 11:00:00,Tablet,India
814,217,2024-05-05 20:00:00,Tablet,USA
815,289,2024-11-26 04:00:00,Mobile,USA
816,102,2024-10-09 11:00:00,Desktop,USA
817,425,2024-04-06 04:00:00,Desktop,USA
818,392,2024-02-26 13:00:00,Desktop,Canada
819,267,2024-03-09 21:00:00,Desktop,Canada
820,214,2024-02-28 00:00:00,Mobile,UK
821,179,2024-11-13 17:00:00,Mobile,USA
822,88,2024-01-19 21:00:00,Mobile,UK
823,41,2024-07-15 01:00:00,Mobile,Germany
824,401,2024-02-16 06:00:00,Desktop,UK
825,76,2024-10-15 12:00:00,Mobile,India
826,377,2024-03-24 21:00:00,Desktop,Canada
827,46,2024-03-19 22:00:00,Desktop,Canada
828,160,2024-01-14 22:00:00,Mobile,USA
829,463,2024-05-07 21:00:00,Desktop,USA
830,80,2024-09-04 19:00:00,Desktop,Germany
831,310,2024-01-29 23:00:00,Desktop,Germany
832,86,2024-12-03 09:00:00,Mobile,India
833,92,2024-12-26 07:00:00,Mobile,USA
834,148,2024-08-05 09:00:00,Desktop,USA
835,161,2024-01-17 01:00:00,Mobile,Germany
836,202,2024-01-06 04:00:00,Desktop,Germany
837,424,2024-11-13 08:00:00,Desktop,Germany
838,416,2024-03-22 19:00:00,Mobile,Canada
839,242,2024-08-06 16:00:00,Mobile,UK
840,353,2024-07-22 06:00:00,Tablet,UK
841,2,2024-09-22 01:00:00,Desktop,USA
842,225,2024-12-10 02:00:00,Mobile,Canada
843,289,2024-07-26 01:00:00,Mobile,Germany
844,233,2024-05-03 23:00:00,Tablet,USA
845,461,2024-03-14 05:00:00,Desktop,Canada
846,414,2024-01-22 10:00:00,Mobile,India
847,417,2024-10-21 14:00:00,Mobile,Canada
848,77,2024-08-17 19:00:00,Desktop,USA
849,116,2024-02-10 21:00:00,Desktop,UK
850,154,2024-05-27 11:00:00,Desktop,Germany
851,406,2024-03-24 02:00:00,Mobile,India
852,103,2024-11-17 20:00:00,Mobile,Canada
853,194,2024-10-16 21:00:00,Mobile,USA
854,166,2024-11-18 05:00:00,Mobile,USA
855,359,2024-07-25 09:00:00,Mobile,Germany
856,90,2024-03-13 00:00:00,Desktop,USA
857,174,2024-12-17 15:00:00,Desktop,USA
858,122,2024-11-21 08:00:00,Desktop,Germany
859,498,2024-04-09 01:00:00,Desktop,India
860,143,2024-03-05 18:00:00,Desktop,UK
861,482,2024-06-02 09:00:00,Mobile,UK
862,106,2024-11-04 14:00:00,Desktop,Canada
863,375,2024-11-10 21:00:00,Desktop,India
864,428,2024-02-17 20:00:00,Desktop,Canada
865,305,2024-09-04 21:00:00,Desktop,UK
866,360,2024-12-21 01:00:00,Tablet,Germany
867,459,2024-01-25 12:00:00,Mobile,USA
868,317,2024-10-10 00:00:00,Mobile,UK
869,451,2024-10-27 03:00:00,Desktop,India
870,123,2024-01-07 16:00:00,Mobile,UK
871,390,2024-05-16 03:00:00,Mobile,India
872,9,2024-03-23 00:00:00,Mobile,India
873,262,2024-05-17 03:00:00,Desktop,India
874,73,2024-03-13 12:00:00,Mobile,Canada
875,359,2024-02-15 09:00:00,Mobile,Germany
876,223,2024-10-14 05:00:00,Mobile,UK
877,416,2024-06-24 05:00:00,Mobile,Germany
878,41,2024-05-24 09:00:00,Desktop,USA
879,370,2024-10-09 21:00:00,Mobile,UK
880,204,2024-06-26 02:00:00,Desktop,Germany
881,264,2024-08-31 20:00:00,Mobile,Germany
882,328,2024-05-06 14:00:00,Desktop,USA
883,178,2024-09-27 03:00:00,Desktop,India
884,348,2024-04-02 08:00:00,Desktop,UK
885,318,2024-09-04 16:00:00,Mobile,UK
886,84,2024-02-12 08:00:00,Desktop,USA
887,318,2024-06-18 17:00:00,Mobile,India
888,111,2024-07-30 12:00:00,Mobile,UK
889,251,2024-06-16 06:00:00,Desktop,UK
890,383,2024-09-01 22:00:00,Desktop,UK
891,7,2024-04-20 19:00:00,Desktop,India
892,459,2024-02-16 00:00:00,Mobile,USA
893,84,2024-03-09 10:00:00,Mobile,UK
894,208,2024-10-16 07:00:00,Desktop,Germany
895,388,2024-07-21 17:00:00,Desktop,India
896,390,2024-11-13 00:00:00,Mobile,Canada
897,314,2024-11-26 15:00:00,Mobile,USA
898,22,2024-12-03 15:00:00,Mobile,Germany
899,410,2024-05-17 17:00:00,Mobile,UK
900,383,2024-02-07 18:00:00,Desktop,Canada
901,3,2024-06-12 12:00:00,Desktop,USA
902,127,2024-06-22 02:00:00,Desktop,India
903,297,2024-12-23 00:00:00,Desktop,Canada
904,188,2024-03-31 13:00:00,Desktop,Canada
905,362,2024-09-20 18:00:00,Desktop,Germany
906,14,2024-07-27 08:00:00,Desktop,USA
907,459,2024-04-16 06:00:00,Tablet,Germany
908,466,2024-10-10 00:00:00,Mobile,Germany
909,12,2024-06-30 04:00:00,Mobile,UK
910,87,2024-05-16 17:00:00,Mobile,India
911,12,2024-02-25 20:00:00,Desktop,Canada
912,397,2024-09-14 10:00:00,Mobile,USA
913,25,2024-05-02 05:00:00,Desktop,India
914,301,2024-06-16 03:00:00,Mobile,India
915,243,2024-04-23 10:00:00,Desktop,USA
916,122,2024-02-06 14:00:00,Tablet,India
917,147,2024-04-01 17:00:00,Desktop,UK
918,55,2024-12-19 21:00:00,Desktop,India
919,238,2024-05-18 12:00:00,Tablet,UK
920,356,2024-09-16 21:00:00,Desktop,Canada
921,173,2024-09-12 06:00:00,Mobile,Canada
922,392,2024-03-01 10:00:00,Mobile,Germany
923,221,2024-11-05 23:00:00,Mobile,UK
924,119,2024-11-19 14:00:00,Tablet,Canada
925,309,2024-05-08 22:00:00,Tablet,India
926,183,2024-01-03 13:00:00,Desktop,USA
927,288,2024-08-29 00:00:00,Mobile,USA
928,307,2024-04-11 05:00:00,Mobile,UK
929,300,2024-12-06 15:00:00,Mobile,Germany
930,82,2024-05-12 16:00:00,Desktop,India
931,454,2024-07-20 20:00:00,Mobile,UK
932,402,2024-08-29 06:00:00,Tablet,USA
933,211,2024-04-18 14:00:00,Tablet,UK
934,150,2024-03-24 18:00:00,Desktop,India
935,37,2024-10-17 03:00:00,Desktop,Canada
936,352,2024-03-09 00:00:00,Desktop,India
937,312,2024-07-14 11:00:00,Mobile,Canada
938,361,2024-10-09 23:00:00,Mobile,Canada
939,59,2024-08-21 22:00:00,Desktop,Canada
940,131,2024-06-01 20:00:00,Desktop,UK
941,412,2024-03-01 19:00:00,Desktop,USA
942,202,2024-12-09 12:00:00,Desktop,UK
943,243,2024-11-06 13:00:00,Tablet,USA
944,35,2024-02-01 22:00:00,Mobile,India
945,445,2024-12-17 04:00:00,Desktop,Germany
946,93,2024-02-05 13:00:00,Mobile,India
947,438,2024-06-25 09:00:00,Desktop,UK
948,447,2024-11-09 06:00:00,Tablet,UK
949,207,2024-12-01 00:00:00,Desktop,USA
950,353,2024-07-31 08:00:00,Desktop,UK
951,391,2024-01-06 18:00:00,Desktop,Canada
952,332,2024-04-18 02:00:00,Mobile,UK
953,305,2024-02-08 21:00:00,Mobile,USA
954,350,2024-04-27 04:00:00,Mobile,USA
955,213,2024-03-27 16:00:00,Desktop,Canada
956,159,2024-03-16 22:00:00,Desktop,USA
957,442,2024-11-08 21:00:00,Desktop,Germany
958,445,2024-10-11 14:00:00,Mobile,India
959,24,2024-06-13 22:00:00,Desktop,UK
960,404,2024-05-20 13:00:00,Mobile,Germany
961,293,2024-04-21 22:00:00,Mobile,UK
962,4,2024-02-14 16:00:00,Mobile,Germany
963,220,2024-09-03 07:00:00,Desktop,UK
964,364,2024-03-25 01:00:00,Desktop,Canada
965,382,2024-05-13 11:00:00,Desktop,USA
966,20,2024-01-18 21:00:00,Mobile,USA
967,444,2024-09-02 00:00:00,Mobile,Canada
968,152,2024-07-27 10:00:00,Desktop,Germany
969,50,2024-05-01 09:00:00,Desktop,India
970,177,2024-04-24 03:00:00,Mobile,Germany
971,435,2024-06-10 08:00:00,Mobile,USA
972,96,2024-08-21 10:00:00,Desktop,India
973,105,2024-07-24 06:00:00,Mobile,UK
974,420,2024-09-03 14:00:00,Desktop,India
975,250,2024-09-02 18:00:00,Desktop,Germany
976,117,2024-04-27 14:00:00,Tablet,Canada
977,354,2024-05-31 07:00:00,Mobile,UK
978,228,2024-12-28 08:00:00,Mobile,Germany
979,66,2024-06-23 00:00:00,Desktop,UK
980,335,2024-01-19 02:00:00,Mobile,India
981,418,2024-11-25 07:00:00,Desktop,USA
982,420,2024-06-23 09:00:00,Desktop,Germany
983,262,2024-12-19 18:00:00,Mobile,Canada
984,295,2024-05-20 21:00:00,Desktop,India
985,426,2024-04-02 15:00:00,Mobile,Germany
986,243,2024-08-26 12:00:00,Mobile,Canada
987,371,2024-02-17 16:00:00,Desktop,Germany
988,186,2024-09-01 06:00:00,Desktop,India
989,246,2024-05-07 23:00:00,Desktop,Germany
990,125,2024-10-08 16:00:00,Desktop,UK
991,268,2024-03-11 12:00:00,Mobile,India
992,131,2024-11-20 16:00:00,Mobile,Germany
993,237,2024-01-07 16:00:00,Desktop,USA
994,18,2024-04-12 20:00:00,Desktop,Germany
995,40,2024-07-11 16:00:00,Mobile,UK
996,21,2024-03-02 16:00:00,Mobile,Canada
997,399,2024-06-19 02:00:00,Desktop,Canada
998,225,2024-07-25 20:00:00,Desktop,Canada
999,355,2024-10-08 15:00:00,Mobile,USA
1000,282,2024-01-25 21:00:00,Desktop,UK
1001,8,2024-06-04 08:00:00,Desktop,India
1002,100,2024-04-29 23:00:00,Mobile,Canada
1003,240,2024-11-16 21:00:00,Mobile,UK
1004,478,2024-12-01 08:00:00,Mobile,Germany
1005,87,2024-12-29 18:00:00,Mobile,USA
1006,298,2024-04-27 08:00:00,Mobile,UK
1007,428,2024-07-17 13:00:00,Desktop,UK
1008,14,2024-12-04 18:00:00,Desktop,India
1009,334,2024-09-27 02:00:00,Desktop,UK
1010,2,2024-05-18 20:00:00,Desktop,India
1011,375,2024-01-30 07:00:00,Mobile,USA
1012,293,2024-05-25 18:00:00,Mobile,USA
1013,325,2024-02-17 01:00:00,Tablet,Germany
1014,422,2024-08-11 07:00:00,Mobile,India
1015,493,2024-01-22 05:00:00,Desktop,India
1016,41,2024-07-22 14:00:00,Desktop,Canada
1017,318,2024-07-03 07:00:00,Mobile,Canada
1018,316,2024-10-18 14:00:00,Mobile,Germany
1019,381,2024-08-07 19:00:00,Mobile,USA
1020,111,2024-11-08 16:00:00,Mobile,Canada
1021,14,2024-06-21 17:00:00,Mobile,UK
1022,231,2024-11-17 12:00:00,Mobile,USA
1023,473,2024-02-14 21:00:00,Desktop,UK
1024,84,2024-11-30 19:00:00,Mobile,India
1025,130,2024-08-08 09:00:00,Mobile,USA
1026,231,2024-08-08 02:00:00,Desktop,Germany
1027,326,2024-12-04 02:00:00,Mobile,India
1028,145,2024-06-30 13:00:00,Desktop,India
1029,379,2024-11-15 07:00:00,Tablet,UK
1030,345,2024-02-28 22:00:00,Desktop,India
1031,28,2024-03-02 03:00:00,Mobile,Canada
1032,66,2024-02-29 19:00:00,Desktop,USA
1033,163,2024-11-26 10:00:00,Mobile,Canada
1034,229,2024-04-05 10:00:00,Desktop,UK
1035,261,2024-03-02 16:00:00,Desktop,UK
1036,449,2024-12-13 01:00:00,Desktop,USA
1037,424,2024-11-12 23:00:00,Tablet,India
1038,460,2024-07-25 15:00:00,Desktop,Germany
1039,440,2024-05-15 08:00:00,Desktop,UK
1040,164,2024-09-06 04:00:00,Mobile,USA
1041,301,2024-11-13 06:00:00,Mobile,Germany
1042,407,2024-11-09 19:00:00,Tablet,India
1043,303,2024-07-27 02:00:00,Desktop,UK
1044,287,2024-07-29 11:00:00,Mobile,USA
1045,395,2024-01-29 06:00:00,Desktop,USA
1046,10,2024-04-01 08:00:00,Desktop,USA
1047,195,2024-08-07 05:00:00,Mobile,UK
1048,118,2024-08-02 02:00:00,Mobile,Germany
1049,270,2024-10-03 03:00:00,Mobile,USA
1050,80,2024-09-01 21:00:00,Desktop,India
1051,458,2024-03-02 09:00:00,Desktop,USA
1052,93,2024-11-27 09:00:00,Desktop,Germany
1053,266,2024-09-25 10:00:00,Tablet,UK
1054,332,2024-02-23 15:00:00,Desktop,USA
1055,350,2024-01-08 07:00:00,Desktop,USA
1056,361,2024-02-28 07:00:00,Desktop,India
1057,257,2024-08-24 01:00:00,Mobile,India
1058,133,2024-04-03 11:00:00,Desktop,USA
1059,276,2024-05-17 11:00:00,Tablet,USA
1060,264,2024-07-25 15:00:00,Desktop,India
1061,171,2024-03-21 01:00:00,Mobile,Germany
1062,460,2024-06-26 11:00:00,Desktop,Canada
1063,1,2024-12-11 22:00:00,Mobile,Canada
1064,313,2024-05-25 16:00:00,Tablet,USA
1065,64,2024-03-02 05:00:00,Desktop,India
1066,374,2024-08-26 02:00:00,Tablet,UK
1067,468,2024-06-14 02:00:00,Desktop,UK
1068,284,2024-08-09 00:00:00,Tablet,Canada
1069,121,2024-06-21 20:00:00,Mobile,Germany
1070,107,2024-04-19 12:00:00,Desktop,Canada
1071,421,2024-12-21 06:00:00,Desktop,USA
1072,175,2024-10-04 09:00:00,Desktop,Germany
1073,485,2024-07-25 03:00:00,Desktop,UK
1074,204,2024-10-05 22:00:00,Desktop,India
1075,165,2024-11-21 23:00:00,Desktop,India
1076,305,2024-12-05 04:00:00,Desktop,USA
1077,497,2024-12-05 11:00:00,Mobile,Canada
1078,120,2024-06-09 07:00:00,Desktop,USA
1079,44,2024-09-13 04:00:00,Desktop,India
1080,312,2024-03-03 21:00:00,Mobile,UK
1081,156,2024-03-10 20:00:00,Desktop,India
1082,367,2024-04-05 02:00:00,Desktop,Germany
1083,207,2024-03-19 04:00:00,Desktop,India
1084,390,2024-11-11 23:00:00,Tablet,India
1085,108,2024-10-28 17:00:00,Mobile,Germany
1086,251,2024-06-24 05:00:00,Desktop,Canada
1087,445,2024-08-04 23:00:00,Mobile,India
1088,404,2024-07-05 23:00:00,Mobile,USA
1089,370,2024-08-19 06:00:00,Mobile,India
1090,334,2024-04-13 12:00:00,Mobile,USA
1091,130,2024-08-17 17:00:00,Mobile,Germany
1092,457,2024-09-14 07:00:00,Desktop,India
1093,293,2024-11-26 00:00:00,Desktop,Germany
1094,20,2024-06-30 05:00:00,Desktop,Germany
1095,282,2024-06-24 19:00:00,Mobile,Canada
1096,285,2024-05-19 10:00:00,Mobile,India
1097,1,2024-10-13 09:00:00,Mobile,USA
1098,119,2024-12-30 02:00:00,Tablet,USA
1099,35,2024-12-16 14:00:00,Desktop,India
1100,198,2024-09-09 12:00:00,Mobile,Canada
1101,485,2024-10-17 19:00:00,Mobile,Canada
1102,245,2024-07-05 20:00:00,Tablet,Canada
1103,59,2024-10-30 20:00:00,Tablet,USA
1104,325,2024-10-17 21:00:00,Mobile,Germany
1105,161,2024-06-14 13:00:00,Desktop,Canada
1106,497,2024-04-23 16:00:00,Mobile,USA
1107,179,2024-12-21 22:00:00,Desktop,USA
1108,206,2024-07-25 10:00:00,Mobile,Germany
1109,12,2024-12-20 02:00:00,Tablet,India
1110,490,2024-07-26 04:00:00,Desktop,India
1111,276,2024-12-06 09:00:00,Mobile,Canada
1112,181,2024-12-04 03:00:00,Desktop,Canada
1113,242,2024-03-01 18:00:00,Desktop,Germany
1114,216,2024-06-19 01:00:00,Desktop,Canada
1115,251,2024-03-14 10:00:00,Mobile,Germany
1116,299,2024-06-01 19:00:00,Tablet,USA
1117,126,2024-02-17 18:00:00,Tablet,Canada
1118,482,2024-12-08 23:00:00,Desktop,USA
1119,217,2024-05-18 13:00:00,Mobile,UK
1120,306,2024-07-01 04:00:00,Mobile,Germany
1121,285,2024-07-09 04:00:00,Desktop,UK
1122,185,2024-02-20 20:00:00,Desktop,Canada
1123,39,2024-09-24 17:00:00,Desktop,USA
1124,223,2024-09-02 16:00:00,Tablet,Canada
1125,184,2024-06-18 19:00:00,Mobile,UK
1126,495,2024-06-14 13:00:00,Mobile,Canada
1127,427,2024-07-21 10:00:00,Desktop,India
1128,178,2024-07-07 17:00:00,Mobile,UK
1129,407,2024-06-03 22:00:00,Desktop,Canada
1130,428,2024-06-30 17:00:00,Desktop,USA
1131,294,2024-03-15 20:00:00,Mobile,Canada
1132,340,2024-05-12 22:00:00,Desktop,USA
1133,151,2024-02-28 08:00:00,Mobile,India
1134,384,2024-06-30 09:00:00,Desktop,Canada
1135,126,2024-12-04 00:00:00,Mobile,India
1136,301,2024-03-04 06:00:00,Desktop,UK
1137,308,2024-09-16 00:00:00,Mobile,USA
1138,336,2024-05-22 07:00:00,Desktop,UK
1139,434,2024-08-01 17:00:00,Desktop,USA
1140,234,2024-07-27 13:00:00,Tablet,India
1141,380,2024-05-21 17:00:00,Desktop,Germany
1142,375,2024-04-21 00:00:00,Mobile,Canada
1143,8,2024-02-28 10:00:00,Tablet,India
1144,498,2024-07-25 11:00:00,Desktop,USA
1145,341,2024-10-22 21:00:00,Desktop,USA
1146,129,2024-01-20 05:00:00,Mobile,USA
1147,264,2024-05-10 23:00:00,Tablet,USA
1148,157,2024-03-30 12:00:00,Tablet,Canada
1149,352,2024-11-17 04:00:00,Mobile,UK
1150,358,2024-08-17 01:00:00,Mobile,Germany
1151,5,2024-10-18 21:00:00,Desktop,Canada
1152,495,2024-01-26 10:00:00,Tablet,USA
1153,86,2024-12-29 07:00:00,Tablet,Canada
1154,175,2024-10-25 21:00:00,Desktop,India
1155,290,2024-05-27 07:00:00,Desktop,USA
1156,193,2024-01-29 07:00:00,Desktop,Germany
1157,311,2024-07-27 19:00:00,Desktop,USA
1158,119,2024-04-25 22:00:00,Mobile,Germany
1159,218,2024-05-23 13:00:00,Desktop,Germany
1160,427,2024-11-13 10:00:00,Desktop,UK
1161,458,2024-01-07 15:00:00,Desktop,UK
1162,414,2024-02-14 14:00:00,Tablet,Canada
1163,114,2024-06-03 20:00:00,Mobile,Canada
1164,466,2024-08-02 23:00:00,Desktop,Germany
1165,145,2024-09-12 08:00:00,Desktop,USA
1166,26,2024-06-27 19:00:00,Tablet,India
1167,136,2024-10-19 09:00:00,Mobile,India
1168,303,2024-08-26 22:00:00,Desktop,USA
1169,232,2024-11-08 07:00:00,Desktop,USA
1170,369,2024-07-25 20:00:00,Desktop,UK
1171,76,2024-08-09 13:00:00,Desktop,India
1172,475,2024-10-02 06:00:00,Mobile,Germany
1173,328,2024-11-04 22:00:00,Tablet,Canada
1174,345,2024-09-24 16:00:00,Desktop,UK
1175,302,2024-09-29 09:00:00,Mobile,India
1176,452,2024-12-15 18:00:00,Desktop,USA
1177,289,2024-01-11 01:00:00,Mobile,India
1178,1,2024-03-11 11:00:00,Mobile,Germany
1179,147,2024-02-27 01:00:00,Desktop,UK
1180,287,2024-09-07 19:00:00,Desktop,USA
1181,464,2024-02-19 05:00:00,Mobile,Germany
1182,142,2024-08-03 09:00:00,Desktop,Canada
1183,53,2024-02-21 14:00:00,Desktop,UK
1184,304,2024-03-24 02:00:00,Mobile,Germany
1185,69,2024-10-19 07:00:00,Tablet,Germany
1186,361,2024-03-12 07:00:00,Desktop,USA
1187,90,2024-08-23 23:00:00,Mobile,Canada
1188,446,2024-12-25 10:00:00,Desktop,Germany
1189,220,2024-04-19 07:00:00,Mobile,UK
1190,450,2024-04-02 23:00:00,Mobile,Germany
1191,498,2024-02-29 09:00:00,Mobile,India
1192,192,2024-02-08 16:00:00,Desktop,UK
1193,454,2024-05-04 12:00:00,Mobile,UK
1194,63,2024-02-05 04:00:00,Mobile,Germany
1195,73,2024-10-08 21:00:00,Desktop,USA
1196,161,2024-01-04 17:00:00,Desktop,UK
1197,169,2024-06-14 23:00:00,Desktop,India
1198,89,2024-10-04 01:00:00,Desktop,USA
1199,176,2024-01-31 22:00:00,Mobile,USA
1200,269,2024-01-11 13:00:00,Desktop,USA
1201,73,2024-04-05 04:00:00,Desktop,UK
1202,245,2024-07-10 05:00:00,Mobile,USA
1203,77,2024-09-22 07:00:00,Desktop,Germany
1204,159,2024-05-07 13:00:00,Mobile,USA
1205,489,2024-12-20 11:00:00,Desktop,India
1206,459,2024-04-21 22:00:00,Tablet,Canada
1207,324,2024-05-24 00:00:00,Mobile,India
1208,98,2024-09-03 09:00:00,Mobile,UK
1209,381,2024-11-08 22:00:00,Desktop,USA
1210,102,2024-04-15 20:00:00,Mobile,USA
1211,494,2024-07-02 01:00:00,Desktop,Germany
1212,132,2024-09-21 21:00:00,Desktop,USA
1213,102,2024-03-29 15:00:00,Desktop,India
1214,19,2024-01-18 18:00:00,Mobile,UK
1215,454,2024-04-15 14:00:00,Desktop,Canada
1216,482,2024-11-14 22:00:00,Mobile,USA
1217,82,2024-06-15 12:00:00,Desktop,Canada
1218,397,2024-12-02 08:00:00,Desktop,USA
1219,489,2024-02-09 19:00:00,Mobile,UK
1220,279,2024-08-05 20:00:00,Desktop,India
1221,339,2024-03-22 12:00:00,Mobile,UK
1222,365,2024-07-26 08:00:00,Desktop,Canada
1223,331,2024-11-27 11:00:00,Mobile,USA
1224,129,2024-02-07 18:00:00,Mobile,Canada
1225,344,2024-11-22 02:00:00,Desktop,India
1226,310,2024-02-17 17:00:00,Desktop,UK
1227,455,2024-10-21 03:00:00,Mobile,Canada
1228,89,2024-07-05 07:00:00,Mobile,Canada
1229,213,2024-12-30 16:00:00,Desktop,India
1230,143,2024-08-16 05:00:00,Desktop,USA
1231,65,2024-03-17 13:00:00,Mobile,Canada
1232,76,2024-04-04 21:00:00,Mobile,India
1233,199,2024-05-11 06:00:00,Desktop,USA
1234,143,2024-03-12 12:00:00,Desktop,USA
1235,405,2024-06-08 05:00:00,Desktop,UK
1236,403,2024-07-09 05:00:00,Mobile,India
1237,316,2024-04-29 20:00:00,Desktop,USA
1238,93,2024-08-09 02:00:00,Tablet,UK
1239,473,2024-05-10 12:00:00,Desktop,Germany
1240,417,2024-09-02 01:00:00,Desktop,India
1241,305,2024-07-26 21:00:00,Mobile,Germany
1242,224,2024-04-05 05:00:00,Tablet,USA
1243,497,2024-07-18 22:00:00,Mobile,India
1244,291,2024-03-12 05:00:00,Desktop,UK
1245,428,2024-07-24 02:00:00,Mobile,USA
1246,102,2024-09-12 11:00:00,Mobile,India
1247,474,2024-06-25 04:00:00,Desktop,India
1248,267,2024-07-08 19:00:00,Desktop,Germany
1249,355,2024-12-10 08:00:00,Desktop,USA
1250,456,2024-10-13 20:00:00,Desktop,UK
1251,110,2024-09-06 19:00:00,Tablet,UK
1252,462,2024-01-13 12:00:00,Desktop,USA
1253,330,2024-05-06 09:00:00,Tablet,USA
1254,450,2024-04-23 16:00:00,Mobile,Canada
1255,430,2024-10-02 19:00:00,Mobile,Germany
1256,265,2024-07-23 16:00:00,Mobile,USA
1257,3,2024-09-29 23:00:00,Desktop,USA
1258,85,2024-02-27 07:00:00,Desktop,Canada
1259,282,2024-08-06 12:00:00,Desktop,Canada
1260,328,2024-10-05 13:00:00,Mobile,India
1261,304,2024-11-23 07:00:00,Desktop,UK
1262,450,2024-11-10 14:00:00,Mobile,Germany
1263,454,2024-07-05 12:00:00,Desktop,India
1264,412,2024-08-16 16:00:00,Desktop,USA
1265,117,2024-06-04 15:00:00,Desktop,Canada
1266,221,2024-01-02 21:00:00,Tablet,UK
1267,154,2024-07-28 16:00:00,Mobile,India
1268,153,2024-10-12 06:00:00,Desktop,UK
1269,12,2024-01-13 17:00:00,Mobile,Canada
1270,133,2024-08-08 13:00:00,Desktop,India
1271,482,2024-04-03 17:00:00,Tablet,India
1272,304,2024-09-25 10:00:00,Mobile,UK
1273,293,2024-04-03 20:00:00,Desktop,Canada
1274,463,2024-04-21 22:00:00,Mobile,USA
1275,300,2024-12-02 07:00:00,Desktop,India
1276,228,2024-04-25 14:00:00,Tablet,USA
1277,271,2024-07-19 19:00:00,Desktop,Canada
1278,43,2024-07-20 11:00:00,Mobile,India
1279,432,2024-02-22 22:00:00,Desktop,India
1280,343,2024-06-28 00:00:00,Mobile,USA
1281,326,2024-11-08 19:00:00,Mobile,Germany
1282,302,2024-05-16 21:00:00,Mobile,USA
1283,498,2024-01-01 11:00:00,Mobile,USA
1284,364,2024-08-14 10:00:00,Mobile,Germany
1285,379,2024-04-07 15:00:00,Desktop,Canada
1286,427,2024-09-21 14:00:00,Desktop,Canada
1287,493,2024-05-19 00:00:00,Desktop,India
1288,21,2024-08-24 13:00:00,Tablet,UK
1289,407,2024-03-12 11:00:00,Desktop,UK
1290,107,2024-11-16 10:00:00,Mobile,India
1291,336,2024-08-19 09:00:00,Mobile,UK
1292,303,2024-07-08 18:00:00,Desktop,USA
1293,117,2024-05-18 06:00:00,Desktop,USA
1294,124,2024-06-19 16:00:00,Desktop,Germany
1295,399,2024-08-08 20:00:00,Desktop,Germany
1296,281,2024-12-06 07:00:00,Desktop,India
1297,292,2024-02-25 05:00:00,Desktop,India
1298,203,2024-12-07 17:00:00,Mobile,India
1299,51,2024-04-11 04:00:00,Tablet,USA
1300,271,2024-07-10 18:00:00,Desktop,UK
1301,324,2024-11-05 07:00:00,Desktop,India
1302,277,2024-08-20 16:00:00,Desktop,India
1303,141,2024-08-14 18:00:00,Mobile,USA
1304,470,2024-05-18 23:00:00,Mobile,USA
1305,275,2024-10-31 20:00:00,Desktop,USA
1306,290,2024-04-24 01:00:00,Desktop,UK
1307,334,2024-03-03 07:00:00,Mobile,India
1308,381,2024-12-04 06:00:00,Mobile,Canada
1309,452,2024-06-04 16:00:00,Desktop,Canada
1310,496,2024-01-06 18:00:00,Mobile,India
1311,373,2024-07-02 05:00:00,Desktop,India
1312,52,2024-01-28 01:00:00,Desktop,India
1313,494,2024-02-07 22:00:00,Mobile,India
1314,27,2024-10-19 18:00:00,Mobile,UK
1315,157,2024-08-31 03:00:00,Desktop,Canada
1316,239,2024-08-01 16:00:00,Tablet,Germany
1317,156,2024-10-25 03:00:00,Desktop,Canada
1318,291,2024-02-27 12:00:00,Mobile,Canada
1319,136,2024-11-03 16:00:00,Desktop,USA
1320,144,2024-04-14 03:00:00,Mobile,India
1321,106,2024-09-03 13:00:00,Tablet,India
1322,420,2024-03-23 02:00:00,Desktop,India
1323,158,2024-08-25 07:00:00,Tablet,USA
1324,146,2024-07-02 00:00:00,Mobile,UK
1325,2,2024-07-28 15:00:00,Mobile,UK
1326,433,2024-10-22 00:00:00,Desktop,Germany
1327,77,2024-07-26 17:00:00,Mobile,UK
1328,132,2024-05-16 14:00:00,Mobile,UK
1329,90,2024-07-02 11:00:00,Desktop,India
1330,345,2024-10-13 23:00:00,Tablet,Canada
1331,350,2024-05-21 12:00:00,Desktop,UK
1332,459,2024-01-25 01:00:00,Desktop,UK
1333,263,2024-03-07 23:00:00,Mobile,USA
1334,351,2024-04-27 09:00:00,Mobile,Germany
1335,108,2024-03-13 19:00:00,Mobile,USA
1336,74,2024-12-25 09:00:00,Desktop,India
1337,39,2024-07-29 02:00:00,Tablet,Canada
1338,397,2024-05-31 04:00:00,Desktop,Germany
1339,159,2024-07-13 15:00:00,Desktop,USA
1340,71,2024-04-22 14:00:00,Desktop,UK
1341,447,2024-06-11 11:00:00,Mobile,UK
1342,312,2024-04-14 20:00:00,Tablet,Germany
1343,241,2024-02-13 14:00:00,Mobile,UK
1344,426,2024-06-10 22:00:00,Mobile,USA
1345,445,2024-12-16 17:00:00,Desktop,USA
1346,298,2024-12-05 11:00:00,Mobile,UK
1347,440,2024-05-11 22:00:00,Desktop,UK
1348,36,2024-06-24 22:00:00,Desktop,India
1349,84,2024-05-08 21:00:00,Desktop,Canada
1350,452,2024-03-29 01:00:00,Mobile,Germany
1351,374,2024-06-06 02:00:00,Mobile,USA
1352,263,2024-05-28 19:00:00,Mobile,Germany
1353,310,2024-04-25 21:00:00,Desktop,India
1354,385,2024-10-20 14:00:00,Desktop,USA
1355,172,2024-09-06 13:00:00,Mobile,India
1356,376,2024-10-28 20:00:00,Desktop,India
1357,173,2024-03-10 16:00:00,Mobile,UK
1358,362,2024-12-28 15:00:00,Mobile,Germany
1359,47,2024-12-29 14:00:00,Desktop,Germany
1360,379,2024-03-31 17:00:00,Tablet,UK
1361,141,2024-05-28 02:00:00,Mobile,Germany
1362,375,2024-08-01 07:00:00,Desktop,UK
1363,406,2024-05-30 02:00:00,Mobile,USA
1364,118,2024-02-09 17:00:00,Desktop,India
1365,277,2024-05-17 19:00:00,Mobile,India
1366,214,2024-07-18 22:00:00,Mobile,Germany
1367,220,2024-07-21 04:00:00,Tablet,Canada
1368,393,2024-08-24 20:00:00,Mobile,India
1369,26,2024-11-06 04:00:00,Desktop,UK
1370,9,2024-02-25 12:00:00,Mobile,Canada
1371,271,2024-12-23 04:00:00,Desktop,Canada
1372,10,2024-03-13 15:00:00,Mobile,India
1373,472,2024-01-02 00:00:00,Mobile,India
1374,378,2024-12-25 18:00:00,Desktop,India
1375,121,2024-01-30 10:00:00,Desktop,UK
1376,125,2024-04-17 11:00:00,Mobile,Canada
1377,170,2024-03-30 12:00:00,Mobile,Germany
1378,72,2024-08-07 08:00:00,Desktop,UK
1379,152,2024-04-12 20:00:00,Desktop,USA
1380,208,2024-07-02 14:00:00,Desktop,India
1381,49,2024-06-10 22:00:00,Mobile,Canada
1382,154,2024-01-31 19:00:00,Desktop,UK
1383,347,2024-12-10 11:00:00,Mobile,USA
1384,293,2024-10-04 07:00:00,Desktop,UK
1385,68,2024-04-10 14:00:00,Mobile,UK
1386,50,2024-11-16 09:00:00,Desktop,Germany
1387,152,2024-06-30 09:00:00,Mobile,Germany
1388,19,2024-11-30 16:00:00,Desktop,UK
1389,100,2024-01-22 05:00:00,Mobile,USA
1390,60,2024-04-08 12:00:00,Desktop,Canada
1391,167,2024-07-26 07:00:00,Mobile,Canada
1392,202,2024-07-08 14:00:00,Mobile,India
1393,345,2024-09-29 16:00:00,Desktop,India
1394,146,2024-03-30 12:00:00,Mobile,Canada
1395,403,2024-05-24 05:00:00,Mobile,UK
1396,164,2024-12-02 15:00:00,Desktop,UK
1397,458,2024-03-18 12:00:00,Desktop,Germany
1398,481,2024-09-18 02:00:00,Desktop,Germany
1399,439,2024-01-14 14:00:00,Mobile,India
1400,242,2024-03-12 14:00:00,Mobile,Canada
1401,69,2024-11-05 12:00:00,Desktop,UK
1402,175,2024-08-28 20:00:00,Mobile,Canada
1403,49,2024-06-11 05:00:00,Mobile,USA
1404,483,2024-07-15 21:00:00,Tablet,Canada
1405,108,2024-02-27 16:00:00,Mobile,USA
1406,226,2024-08-04 01:00:00,Tablet,Germany
1407,161,2024-01-26 14:00:00,Mobile,Germany
1408,119,2024-01-05 19:00:00,Desktop,India
1409,149,2024-07-16 17:00:00,Mobile,Canada
1410,465,2024-05-25 03:00:00,Desktop,Canada
1411,150,2024-09-29 13:00:00,Desktop,USA
1412,432,2024-01-13 06:00:00,Desktop,Germany
1413,293,2024-02-13 22:00:00,Mobile,USA
1414,143,2024-01-19 10:00:00,Mobile,Germany
1415,419,2024-08-26 11:00:00,Desktop,USA
1416,476,2024-12-02 02:00:00,Desktop,Germany
1417,455,2024-04-09 02:00:00,Desktop,USA
1418,160,2024-05-01 15:00:00,Mobile,Germany
1419,11,2024-02-13 07:00:00,Desktop,USA
1420,138,2024-11-12 16:00:00,Mobile,Canada
1421,457,2024-11-22 10:00:00,Desktop,India
1422,78,2024-02-19 00:00:00,Desktop,USA
1423,77,2024-12-20 03:00:00,Desktop,India
1424,441,2024-05-20 05:00:00,Desktop,Canada
1425,254,2024-11-09 13:00:00,Tablet,Canada
1426,409,2024-08-26 03:00:00,Desktop,Germany
1427,258,2024-10-22 15:00:00,Desktop,India
1428,320,2024-08-07 15:00:00,Desktop,UK
1429,291,2024-07-08 03:00:00,Desktop,Germany
1430,263,2024-12-11 12:00:00,Desktop,India
1431,85,2024-07-12 02:00:00,Desktop,USA
1432,146,2024-09-02 07:00:00,Mobile,USA
1433,323,2024-10-06 14:00:00,Mobile,Canada
1434,42,2024-06-19 08:00:00,Desktop,UK
1435,374,2024-02-14 01:00:00,Desktop,USA
1436,125,2024-09-20 06:00:00,Tablet,India
1437,167,2024-12-29 18:00:00,Desktop,India
1438,425,2024-04-12 09:00:00,Desktop,USA
1439,241,2024-05-04 15:00:00,Desktop,India
1440,459,2024-10-12 09:00:00,Desktop,India
1441,487,2024-08-17 17:00:00,Mobile,Canada
1442,280,2024-07-15 20:00:00,Desktop,UK
1443,188,2024-08-08 06:00:00,Mobile,Canada
1444,302,2024-02-29 01:00:00,Desktop,UK
1445,19,2024-06-19 12:00:00,Desktop,India
1446,68,2024-05-30 04:00:00,Mobile,UK
1447,218,2024-12-15 05:00:00,Desktop,India
1448,102,2024-05-01 13:00:00,Mobile,India
1449,42,2024-04-17 03:00:00,Desktop,Canada
1450,288,2024-04-02 22:00:00,Mobile,Canada
1451,167,2024-01-06 09:00:00,Desktop,Germany
1452,109,2024-05-25 14:00:00,Mobile,USA
1453,494,2024-04-05 08:00:00,Desktop,Germany
1454,36,2024-08-16 09:00:00,Mobile,Germany
1455,232,2024-07-30 05:00:00,Desktop,UK
1456,229,2024-04-21 23:00:00,Mobile,India
1457,353,2024-11-18 09:00:00,Desktop,India
1458,164,2024-05-18 10:00:00,Tablet,India
1459,387,2024-04-05 03:00:00,Desktop,USA
1460,73,2024-12-02 08:00:00,Desktop,UK
1461,136,2024-08-01 23:00:00,Desktop,UK
1462,353,2024-10-17 21:00:00,Desktop,India
1463,379,2024-07-11 19:00:00,Desktop,Germany
1464,70,2024-05-29 15:00:00,Tablet,USA
1465,425,2024-09-03 10:00:00,Tablet,Germany
1466,487,2024-09-07 09:00:00,Desktop,Canada
1467,196,2024-01-03 08:00:00,Tablet,UK
1468,269,2024-11-11 11:00:00,Mobile,UK
1469,49,2024-03-27 13:00:00,Desktop,Germany
1470,316,2024-08-12 17:00:00,Mobile,USA
1471,130,2024-04-22 08:00:00,Mobile,UK
1472,444,2024-11-24 22:00:00,Tablet,Germany
1473,5,2024-07-20 18:00:00,Desktop,USA
1474,428,2024-05-04 14:00:00,Mobile,Germany
1475,27,2024-03-09 14:00:00,Desktop,USA
1476,160,2024-09-12 22:00:00,Desktop,India
1477,149,2024-01-30 01:00:00,Desktop,USA
1478,264,2024-08-24 23:00:00,Tablet,Canada
1479,230,2024-01-25 09:00:00,Mobile,India
1480,200,2024-07-24 09:00:00,Mobile,Germany
1481,50,2024-11-09 22:00:00,Mobile,India
1482,67,2024-05-06 08:00:00,Desktop,India
1483,300,2024-01-25 13:00:00,Desktop,Germany
1484,381,2024-12-20 19:00:00,Desktop,Germany
1485,58,2024-02-17 01:00:00,Desktop,Canada
1486,259,2024-09-22 02:00:00,Mobile,Germany
1487,342,2024-01-11 20:00:00,Mobile,UK
1488,326,2024-08-01 12:00:00,Desktop,UK
1489,130,2024-07-27 01:00:00,Desktop,Canada
1490,215,2024-11-27 09:00:00,Desktop,USA
1491,172,2024-02-23 10:00:00,Desktop,USA
1492,258,2024-09-28 16:00:00,Tablet,UK
1493,102,2024-08-30 17:00:00,Mobile,Germany
1494,209,2024-07-05 15:00:00,Mobile,Canada
1495,291,2024-09-18 11:00:00,Desktop,USA
1496,354,2024-08-26 15:00:00,Desktop,USA
1497,471,2024-10-24 11:00:00,Desktop,India
1498,286,2024-07-06 12:00:00,Mobile,UK
1499,116,2024-09-02 01:00:00,Mobile,Germany
1500,264,2024-11-10 14:00:00,Desktop,Canada
1501,150,2024-03-12 06:00:00,Mobile,USA
1502,300,2024-07-09 14:00:00,Desktop,India
1503,442,2024-03-03 07:00:00,Mobile,UK
1504,36,2024-01-12 12:00:00,Tablet,UK
1505,453,2024-09-10 10:00:00,Mobile,Canada
1506,333,2024-01-17 16:00:00,Mobile,USA
1507,477,2024-10-18 20:00:00,Desktop,Canada
1508,287,2024-01-08 04:00:00,Desktop,Canada
1509,303,2024-03-30 15:00:00,Desktop,India
1510,311,2024-10-18 21:00:00,Desktop,UK
1511,208,2024-12-14 14:00:00,Mobile,Germany
1512,106,2024-03-16 04:00:00,Mobile,UK
1513,446,2024-05-30 15:00:00,Desktop,UK
1514,158,2024-09-26 09:00:00,Mobile,India
1515,121,2024-03-11 12:00:00,Desktop,Germany
1516,55,2024-06-28 04:00:00,Desktop,USA
1517,400,2024-10-11 02:00:00,Desktop,Germany
1518,12,2024-08-15 14:00:00,Desktop,USA
1519,145,2024-10-01 12:00:00,Desktop,Germany
1520,400,2024-04-15 20:00:00,Desktop,Canada
1521,396,2024-03-04 04:00:00,Desktop,Germany
1522,136,2024-01-27 22:00:00,Tablet,India
1523,468,2024-10-11 19:00:00,Desktop,USA
1524,3,2024-10-07 05:00:00,Desktop,UK
1525,144,2024-11-14 03:00:00,Desktop,India
1526,30,2024-08-11 15:00:00,Mobile,USA
1527,237,2024-05-25 04:00:00,Desktop,USA
1528,279,2024-12-21 12:00:00,Mobile,UK
1529,348,2024-10-01 22:00:00,Mobile,Canada
1530,115,2024-02-03 12:00:00,Mobile,India
1531,104,2024-11-13 21:00:00,Mobile,UK
1532,118,2024-08-08 03:00:00,Desktop,UK
1533,5,2024-01-22 19:00:00,Desktop,Canada
1534,468,2024-11-24 06:00:00,Desktop,India
1535,360,2024-02-07 05:00:00,Mobile,UK
1536,248,2024-04-25 14:00:00,Desktop,Canada
1537,364,2024-11-30 19:00:00,Desktop,India
1538,321,2024-01-09 03:00:00,Tablet,Germany
1539,121,2024-02-19 17:00:00,Desktop,USA
1540,286,2024-01-05 19:00:00,Mobile,Canada
1541,149,2024-12-08 10:00:00,Mobile,USA
1542,84,2024-06-13 21:00:00,Desktop,Germany
1543,454,2024-11-19 11:00:00,Desktop,UK
1544,406,2024-10-16 12:00:00,Desktop,UK
1545,466,2024-10-24 08:00:00,Mobile,India
1546,456,2024-04-15 06:00:00,Mobile,Canada
1547,231,2024-03-08 18:00:00,Mobile,Canada
1548,288,2024-06-07 02:00:00,Tablet,India
1549,161,2024-12-06 18:00:00,Mobile,USA
1550,272,2024-04-04 20:00:00,Desktop,UK
1551,460,2024-10-14 01:00:00,Desktop,UK
1552,38,2024-07-05 19:00:00,Mobile,Canada
1553,500,2024-05-17 01:00:00,Desktop,Canada
1554,226,2024-07-12 23:00:00,Desktop,India
1555,142,2024-09-29 15:00:00,Mobile,Germany
1556,292,2024-01-16 13:00:00,Desktop,USA
1557,481,2024-09-01 10:00:00,Tablet,Germany
1558,151,2024-03-28 00:00:00,Mobile,Germany
1559,114,2024-12-06 03:00:00,Desktop,Canada
1560,237,2024-11-22 14:00:00,Tablet,Canada
1561,66,2024-11-01 11:00:00,Desktop,Canada
1562,361,2024-04-04 16:00:00,Desktop,Germany
1563,341,2024-08-12 10:00:00,Desktop,USA
1564,258,2024-12-13 00:00:00,Desktop,Canada
1565,475,2024-02-16 20:00:00,Desktop,UK
1566,249,2024-04-15 06:00:00,Desktop,USA
1567,457,2024-04-15 23:00:00,Desktop,UK
1568,449,2024-09-16 11:00:00,Desktop,USA
1569,331,2024-01-19 10:00:00,Mobile,Canada
1570,323,2024-10-22 17:00:00,Mobile,India
1571,180,2024-06-19 10:00:00,Desktop,Canada
1572,190,2024-07-13 11:00:00,Desktop,Germany
1573,407,2024-07-13 09:00:00,Desktop,Germany
1574,154,2024-10-09 16:00:00,Desktop,USA
1575,196,2024-06-30 01:00:00,Mobile,Germany
1576,466,2024-10-31 15:00:00,Mobile,Canada
1577,311,2024-11-11 21:00:00,Desktop,UK
1578,262,2024-01-30 19:00:00,Desktop,Canada
1579,419,2024-06-14 09:00:00,Desktop,USA
1580,406,2024-10-24 07:00:00,Mobile,Germany
1581,427,2024-08-12 12:00:00,Desktop,UK
1582,143,2024-12-26 21:00:00,Tablet,India
1583,342,2024-02-11 14:00:00,Mobile,UK
1584,316,2024-09-02 15:00:00,Desktop,UK
1585,101,2024-08-24 21:00:00,Mobile,Canada
1586,244,2024-07-03 19:00:00,Tablet,India
1587,490,2024-08-29 10:00:00,Mobile,USA
1588,12,2024-10-09 08:00:00,Desktop,USA
1589,239,2024-12-01 01:00:00,Desktop,UK
1590,49,2024-06-08 01:00:00,Mobile,UK
1591,42,2024-01-12 07:00:00,Mobile,Germany
1592,166,2024-03-13 11:00:00,Mobile,India
1593,82,2024-12-11 08:00:00,Mobile,UK
1594,429,2024-01-10 01:00:00,Mobile,Germany
1595,291,2024-06-24 19:00:00,Tablet,India
1596,158,2024-02-08 01:00:00,Desktop,USA
1597,216,2024-11-16 18:00:00,Mobile,Germany
1598,490,2024-05-03 03:00:00,Mobile,India
1599,158,2024-06-07 13:00:00,Mobile,Germany
1600,462,2024-07-12 14:00:00,Mobile,UK
1601,134,2024-01-12 04:00:00,Desktop,Canada
1602,67,2024-06-04 19:00:00,Mobile,USA
1603,336,2024-05-04 06:00:00,Mobile,UK
1604,7,2024-10-06 20:00:00,Desktop,UK
1605,436,2024-04-19 13:00:00,Desktop,India
1606,14,2024-12-22 17:00:00,Desktop,Germany
1607,73,2024-08-03 13:00:00,Desktop,USA
1608,399,2024-06-10 11:00:00,Desktop,UK
1609,405,2024-05-29 23:00:00,Desktop,India
1610,163,2024-02-05 12:00:00,Mobile,USA
1611,66,2024-01-22 13:00:00,Mobile,Germany
1612,347,2024-05-06 15:00:00,Mobile,UK
1613,130,2024-12-21 23:00:00,Mobile,UK
1614,419,2024-08-04 00:00:00,Desktop,UK
1615,466,2024-06-12 19:00:00,Desktop,USA
1616,206,2024-01-18 05:00:00,Mobile,USA
1617,276,2024-07-13 22:00:00,Desktop,USA
1618,466,2024-12-30 15:00:00,Tablet,USA
1619,256,2024-07-05 04:00:00,Mobile,India
1620,266,2024-05-28 07:00:00,Mobile,Canada
1621,25,2024-08-30 13:00:00,Tablet,India
1622,450,2024-08-18 13:00:00,Desktop,UK
1623,281,2024-07-16 11:00:00,Desktop,India
1624,253,2024-12-02 12:00:00,Mobile,Germany
1625,310,2024-03-27 13:00:00,Desktop,USA
1626,289,2024-11-12 06:00:00,Tablet,Germany
1627,164,2024-02-15 14:00:00,Desktop,Germany
1628,95,2024-02-13 16:00:00,Mobile,UK
1629,270,2024-06-17 21:00:00,Mobile,USA
1630,321,2024-02-13 01:00:00,Mobile,Germany
1631,110,2024-09-17 12:00:00,Desktop,UK
1632,336,2024-10-09 19:00:00,Desktop,USA
1633,310,2024-12-08 07:00:00,Mobile,Canada
1634,238,2024-09-12 13:00:00,Desktop,UK
1635,381,2024-11-30 10:00:00,Mobile,India
1636,436,2024-12-18 20:00:00,Mobile,USA
1637,387,2024-10-13 02:00:00,Mobile,Germany
1638,483,2024-09-29 18:00:00,Mobile,Germany
1639,425,2024-04-19 21:00:00,Desktop,India
1640,390,2024-07-08 22:00:00,Mobile,India
1641,25,2024-10-14 07:00:00,Mobile,Germany
1642,141,2024-09-07 19:00:00,Desktop,USA
1643,117,2024-10-17 04:00:00,Tablet,UK
1644,482,2024-07-19 05:00:00,Desktop,India
1645,392,2024-04-04 21:00:00,Desktop,India
1646,405,2024-11-20 07:00:00,Desktop,India
1647,482,2024-09-03 00:00:00,Tablet,Canada
1648,452,2024-07-30 11:00:00,Desktop,USA
1649,25,2024-12-08 10:00:00,Mobile,USA
1650,79,2024-02-23 23:00:00,Mobile,USA
1651,68,2024-02-23 15:00:00,Desktop,USA
1652,173,2024-04-08 19:00:00,Desktop,USA
1653,444,2024-02-15 02:00:00,Mobile,Germany
1654,12,2024-07-11 20:00:00,Desktop,India
1655,288,2024-04-20 00:00:00,Mobile,Germany
1656,128,2024-12-02 01:00:00,Desktop,Canada
1657,96,2024-12-05 05:00:00,Desktop,UK
1658,92,2024-01-08 15:00:00,Mobile,India
1659,141,2024-06-09 02:00:00,Desktop,Canada
1660,31,2024-07-06 02:00:00,Desktop,Germany
1661,334,2024-07-15 11:00:00,Desktop,UK
1662,20,2024-07-22 19:00:00,Desktop,Canada
1663,146,2024-04-18 19:00:00,Mobile,UK
1664,477,2024-03-13 06:00:00,Mobile,Canada
1665,316,2024-09-16 18:00:00,Desktop,Germany
1666,447,2024-10-01 05:00:00,Mobile,UK
1667,390,2024-06-21 10:00:00,Mobile,Canada
1668,160,2024-05-20 12:00:00,Desktop,Germany
1669,349,2024-07-06 21:00:00,Desktop,India
1670,43,2024-02-21 14:00:00,Tablet,Germany
1671,254,2024-12-30 21:00:00,Mobile,Germany
1672,130,2024-02-12 18:00:00,Mobile,India
1673,60,2024-07-18 09:00:00,Mobile,Germany
1674,151,2024-12-11 15:00:00,Desktop,India
1675,467,2024-04-24 22:00:00,Mobile,India
1676,287,2024-10-25 12:00:00,Mobile,India
1677,499,2024-05-16 19:00:00,Mobile,Canada
1678,5,2024-07-29 15:00:00,Desktop,UK
1679,467,2024-02-08 18:00:00,Desktop,Canada
1680,418,2024-09-24 14:00:00,Desktop,India
1681,266,2024-09-23 09:00:00,Tablet,UK
1682,345,2024-01-11 05:00:00,Desktop,UK
1683,130,2024-04-07 10:00:00,Desktop,India
1684,382,2024-10-01 05:00:00,Desktop,UK
1685,267,2024-08-17 16:00:00,Desktop,UK
1686,178,2024-08-07 00:00:00,Mobile,Canada
1687,253,2024-12-20 07:00:00,Mobile,UK
1688,415,2024-11-23 19:00:00,Mobile,India
1689,56,2024-09-19 10:00:00,Desktop,USA
1690,463,2024-12-24 03:00:00,Mobile,USA
1691,457,2024-06-02 05:00:00,Desktop,USA
1692,471,2024-05-19 10:00:00,Desktop,India
1693,83,2024-02-20 20:00:00,Desktop,USA
1694,393,2024-02-15 20:00:00,Desktop,Canada
1695,99,2024-03-28 15:00:00,Desktop,India
1696,149,2024-09-25 21:00:00,Mobile,India
1697,329,2024-02-23 19:00:00,Mobile,India
1698,156,2024-04-27 03:00:00,Mobile,UK
1699,190,2024-03-15 16:00:00,Desktop,UK
1700,494,2024-01-07 13:00:00,Desktop,UK
1701,371,2024-05-01 10:00:00,Desktop,Germany
1702,263,2024-12-13 21:00:00,Tablet,Canada
1703,80,2024-08-02 12:00:00,Mobile,India
1704,400,2024-10-05 17:00:00,Mobile,India
1705,252,2024-01-28 10:00:00,Desktop,UK
1706,97,2024-11-08 21:00:00,Mobile,India
1707,260,2024-01-29 18:00:00,Desktop,India
1708,260,2024-12-18 03:00:00,Mobile,USA
1709,103,2024-09-26 13:00:00,Tablet,India
1710,40,2024-02-04 16:00:00,Tablet,Germany
1711,273,2024-07-26 13:00:00,Mobile,UK
1712,101,2024-04-02 12:00:00,Desktop,Canada
1713,359,2024-03-19 13:00:00,Tablet,Canada
1714,380,2024-08-04 18:00:00,Mobile,USA
1715,308,2024-12-23 09:00:00,Desktop,Canada
1716,221,2024-02-16 20:00:00,Desktop,Canada
1717,308,2024-03-04 21:00:00,Desktop,UK
1718,420,2024-08-31 05:00:00,Desktop,UK
1719,124,2024-11-15 22:00:00,Desktop,Germany
1720,422,2024-08-04 09:00:00,Mobile,USA
1721,231,2024-01-07 21:00:00,Desktop,Canada
1722,178,2024-12-02 17:00:00,Desktop,Germany
1723,63,2024-06-17 09:00:00,Mobile,USA
1724,485,2024-05-17 06:00:00,Mobile,Canada
1725,116,2024-11-01 05:00:00,Mobile,Canada
1726,191,2024-11-03 00:00:00,Desktop,UK
1727,62,2024-01-01 11:00:00,Tablet,India
1728,256,2024-07-06 01:00:00,Tablet,USA
1729,483,2024-01-04 16:00:00,Desktop,Canada
1730,7,2024-05-11 10:00:00,Desktop,USA
1731,155,2024-08-05 03:00:00,Mobile,Germany
1732,92,2024-01-01 06:00:00,Mobile,Germany
1733,470,2024-06-26 08:00:00,Tablet,India
1734,14,2024-07-07 02:00:00,Mobile,Canada
1735,455,2024-01-08 23:00:00,Mobile,UK
1736,229,2024-10-18 17:00:00,Mobile,Canada
1737,86,2024-08-31 10:00:00,Desktop,USA
1738,133,2024-10-09 13:00:00,Desktop,Germany
1739,183,2024-05-25 15:00:00,Desktop,USA
1740,386,2024-12-20 14:00:00,Mobile,India
1741,62,2024-09-07 03:00:00,Mobile,Germany
1742,219,2024-01-17 06:00:00,Mobile,UK
1743,405,2024-10-30 13:00:00,Desktop,Germany
1744,246,2024-02-08 08:00:00,Mobile,Canada
1745,230,2024-05-11 21:00:00,Desktop,Canada
1746,79,2024-07-21 01:00:00,Desktop,Germany
1747,149,2024-04-17 11:00:00,Mobile,India
1748,138,2024-08-09 03:00:00,Mobile,Canada
1749,471,2024-01-18 20:00:00,Tablet,Canada
1750,314,2024-09-11 06:00:00,Desktop,UK
1751,376,2024-09-09 00:00:00,Desktop,Germany
1752,423,2024-12-11 22:00:00,Desktop,Canada
1753,389,2024-03-30 12:00:00,Desktop,India
1754,65,2024-03-10 11:00:00,Mobile,USA
1755,13,2024-07-18 23:00:00,Mobile,Germany
1756,213,2024-03-26 18:00:00,Mobile,UK
1757,474,2024-04-10 17:00:00,Desktop,Canada
1758,242,2024-04-04 04:00:00,Mobile,India
1759,493,2024-01-30 09:00:00,Desktop,Germany
1760,213,2024-02-02 09:00:00,Mobile,India
1761,181,2024-08-16 11:00:00,Desktop,India
1762,338,2024-04-27 06:00:00,Desktop,UK
1763,485,2024-09-02 20:00:00,Mobile,Germany
1764,173,2024-11-27 22:00:00,Tablet,Canada
1765,160,2024-01-29 00:00:00,Desktop,UK
1766,164,2024-08-22 20:00:00,Desktop,Canada
1767,465,2024-09-27 01:00:00,Mobile,USA
1768,483,2024-06-28 06:00:00,Desktop,India
1769,497,2024-06-20 21:00:00,Desktop,USA
1770,188,2024-09-30 02:00:00,Desktop,India
1771,395,2024-05-14 10:00:00,Desktop,UK
1772,191,2024-07-28 11:00:00,Tablet,Canada
1773,405,2024-07-04 00:00:00,Mobile,Canada
1774,308,2024-12-29 10:00:00,Mobile,UK
1775,256,2024-03-08 17:00:00,Tablet,Germany
1776,183,2024-07-14 16:00:00,Desktop,USA
1777,117,2024-04-07 23:00:00,Desktop,USA
1778,282,2024-01-22 01:00:00,Desktop,Canada
1779,196,2024-06-20 05:00:00,Desktop,Canada
1780,34,2024-01-25 22:00:00,Desktop,Canada
1781,52,2024-07-03 20:00:00,Tablet,UK
1782,112,2024-02-24 15:00:00,Mobile,Germany
1783,252,2024-12-16 13:00:00,Desktop,USA
1784,82,2024-06-15 18:00:00,Mobile,India
1785,232,2024-04-28 16:00:00,Mobile,UK
1786,227,2024-09-21 12:00:00,Tablet,USA
1787,233,2024-05-29 04:00:00,Mobile,Germany
1788,221,2024-08-02 04:00:00,Mobile,UK
1789,436,2024-02-11 20:00:00,Mobile,USA
1790,413,2024-11-25 06:00:00,Mobile,UK
1791,422,2024-09-27 06:00:00,Mobile,USA
1792,42,2024-05-02 14:00:00,Desktop,USA
1793,21,2024-12-04 09:00:00,Desktop,Germany
1794,42,2024-12-13 14:00:00,Mobile,India
1795,397,2024-02-04 05:00:00,Desktop,Germany
1796,113,2024-04-20 05:00:00,Desktop,USA
1797,105,2024-03-17 18:00:00,Mobile,UK
1798,192,2024-03-07 07:00:00,Desktop,Germany
1799,17,2024-01-08 22:00:00,Mobile,India
1800,120,2024-05-01 19:00:00,Mobile,USA
1801,393,2024-06-23 03:00:00,Tablet,Germany
1802,425,2024-06-27 20:00:00,Desktop,Germany
1803,129,2024-02-14 07:00:00,Desktop,Germany
1804,130,2024-12-08 15:00:00,Mobile,Germany
1805,60,2024-11-28 02:00:00,Mobile,UK
1806,48,2024-01-09 13:00:00,Tablet,India
1807,29,2024-11-28 20:00:00,Desktop,India
1808,97,2024-11-22 14:00:00,Desktop,USA
1809,10,2024-11-22 05:00:00,Tablet,Canada
1810,242,2024-08-13 08:00:00,Desktop,UK
1811,314,2024-10-04 23:00:00,Mobile,USA
1812,444,2024-04-22 04:00:00,Desktop,USA
1813,232,2024-01-01 09:00:00,Desktop,Germany
1814,277,2024-07-26 13:00:00,Desktop,Canada
1815,284,2024-07-18 23:00:00,Desktop,Canada
1816,203,2024-11-01 11:00:00,Mobile,UK
1817,247,2024-12-10 16:00:00,Tablet,Canada
1818,290,2024-07-06 13:00:00,Desktop,USA
1819,264,2024-11-29 08:00:00,Mobile,Canada
1820,443,2024-10-05 10:00:00,Desktop,Canada
1821,214,2024-05-13 14:00:00,Mobile,India
1822,200,2024-01-25 17:00:00,Desktop,USA
1823,433,2024-07-08 12:00:00,Tablet,Canada
1824,79,2024-02-12 13:00:00,Mobile,Canada
1825,401,2024-10-10 17:00:00,Mobile,Germany
1826,444,2024-11-10 18:00:00,Mobile,Canada
1827,343,2024-02-25 14:00:00,Mobile,Canada
1828,344,2024-05-16 07:00:00,Tablet,India
1829,173,2024-08-07 00:00:00,Mobile,USA
1830,467,2024-03-08 13:00:00,Tablet,UK
1831,69,2024-09-05 01:00:00,Mobile,USA
1832,416,2024-11-18 07:00:00,Desktop,Germany
1833,428,2024-01-06 15:00:00,Mobile,USA
1834,449,2024-10-06 15:00:00,Desktop,Canada
1835,87,2024-04-03 12:00:00,Mobile,Germany
1836,101,2024-09-25 04:00:00,Desktop,USA
1837,8,2024-01-25 19:00:00,Mobile,Germany
1838,333,2024-04-27 17:00:00,Desktop,UK
1839,200,2024-12-03 01:00:00,Desktop,USA
1840,87,2024-10-27 17:00:00,Desktop,Canada
1841,43,2024-06-23 11:00:00,Tablet,Germany
1842,385,2024-04-23 14:00:00,Desktop,India
1843,109,2024-09-05 22:00:00,Desktop,Germany
1844,435,2024-07-21 18:00:00,Mobile,India
1845,408,2024-02-04 06:00:00,Mobile,Canada
1846,483,2024-11-04 13:00:00,Desktop,UK
1847,152,2024-01-14 21:00:00,Desktop,India
1848,17,2024-02-14 11:00:00,Desktop,UK
1849,133,2024-08-03 08:00:00,Tablet,Germany
1850,148,2024-07-11 18:00:00,Desktop,Canada
1851,277,2024-08-01 22:00:00,Desktop,India
1852,232,2024-10-01 17:00:00,Desktop,Germany
1853,314,2024-03-16 22:00:00,Desktop,USA
1854,415,2024-08-07 00:00:00,Mobile,Germany
1855,366,2024-01-28 19:00:00,Desktop,UK
1856,228,2024-09-09 16:00:00,Desktop,Canada
1857,139,2024-02-06 02:00:00,Desktop,Canada
1858,436,2024-04-07 02:00:00,Desktop,Germany
1859,399,2024-06-16 15:00:00,Desktop,USA
1860,211,2024-10-20 12:00:00,Mobile,UK
1861,391,2024-05-05 22:00:00,Mobile,Germany
1862,499,2024-11-05 21:00:00,Tablet,Germany
1863,28,2024-01-16 15:00:00,Mobile,Canada
1864,51,2024-06-21 13:00:00,Mobile,UK
1865,491,2024-11-23 11:00:00,Desktop,USA
1866,442,2024-08-01 20:00:00,Mobile,Canada
1867,261,2024-10-08 07:00:00,Mobile,Germany
1868,261,2024-03-25 08:00:00,Mobile,Canada
1869,350,2024-03-05 05:00:00,Mobile,Canada
1870,352,2024-05-30 18:00:00,Desktop,India
1871,8,2024-03-04 22:00:00,Mobile,Canada
1872,320,2024-12-28 22:00:00,Mobile,Canada
1873,138,2024-12-17 12:00:00,Tablet,UK
1874,38,2024-05-25 22:00:00,Desktop,Canada
1875,111,2024-08-12 20:00:00,Desktop,USA
1876,480,2024-11-08 06:00:00,Desktop,Germany
1877,368,2024-12-12 12:00:00,Mobile,UK
1878,220,2024-03-28 18:00:00,Desktop,Canada
1879,337,2024-10-29 07:00:00,Desktop,USA
1880,223,2024-06-18 06:00:00,Tablet,Germany
1881,136,2024-02-19 15:00:00,Desktop,UK
1882,256,2024-12-05 05:00:00,Mobile,USA
1883,360,2024-12-12 08:00:00,Desktop,Canada
1884,409,2024-09-01 12:00:00,Mobile,India
1885,329,2024-11-08 20:00:00,Mobile,India
1886,450,2024-03-30 07:00:00,Tablet,UK
1887,463,2024-04-21 12:00:00,Tablet,USA
1888,434,2024-03-17 16:00:00,Desktop,Germany
1889,451,2024-12-08 19:00:00,Desktop,USA
1890,49,2024-04-10 21:00:00,Desktop,India
1891,292,2024-04-26 16:00:00,Mobile,UK
1892,382,2024-01-28 08:00:00,Mobile,Canada
1893,324,2024-01-25 17:00:00,Desktop,USA
1894,78,2024-10-23 05:00:00,Mobile,India
1895,105,2024-11-26 05:00:00,Desktop,Germany
1896,169,2024-03-15 13:00:00,Mobile,UK
1897,217,2024-11-17 07:00:00,Tablet,Canada
1898,378,2024-09-15 22:00:00,Desktop,USA
1899,119,2024-12-20 00:00:00,Desktop,Germany
1900,190,2024-05-31 18:00:00,Desktop,Canada
1901,255,2024-05-25 16:00:00,Mobile,India
1902,370,2024-12-09 12:00:00,Mobile,India
1903,266,2024-02-04 00:00:00,Desktop,Germany
1904,149,2024-06-01 12:00:00,Desktop,India
1905,164,2024-05-05 10:00:00,Desktop,UK
1906,140,2024-12-10 15:00:00,Mobile,Germany
1907,347,2024-08-13 18:00:00,Mobile,India
1908,488,2024-07-29 15:00:00,Desktop,USA
1909,258,2024-06-30 18:00:00,Mobile,India
1910,374,2024-11-24 00:00:00,Mobile,UK
1911,269,2024-02-11 18:00:00,Desktop,Canada
1912,181,2024-12-01 11:00:00,Desktop,Canada
1913,160,2024-12-25 22:00:00,Mobile,India
1914,351,2024-02-03 12:00:00,Tablet,Canada
1915,400,2024-05-13 20:00:00,Desktop,India
1916,288,2024-05-01 05:00:00,Desktop,UK
1917,288,2024-12-17 08:00:00,Desktop,Canada
1918,380,2024-02-17 10:00:00,Mobile,USA
1919,226,2024-02-08 09:00:00,Desktop,India
1920,11,2024-01-10 19:00:00,Desktop,Canada
1921,10,2024-09-30 23:00:00,Mobile,UK
1922,271,2024-08-31 08:00:00,Mobile,UK
1923,273,2024-01-15 03:00:00,Desktop,USA
1924,424,2024-07-09 07:00:00,Desktop,UK
1925,402,2024-01-09 12:00:00,Mobile,UK
1926,183,2024-05-16 03:00:00,Desktop,Canada
1927,457,2024-07-27 15:00:00,Desktop,India
1928,153,2024-05-22 02:00:00,Mobile,Germany
1929,488,2024-11-03 04:00:00,Desktop,UK
1930,315,2024-09-03 04:00:00,Mobile,UK
1931,334,2024-10-02 14:00:00,Tablet,Germany
1932,124,2024-05-25 14:00:00,Desktop,UK
1933,473,2024-09-14 12:00:00,Desktop,Canada
1934,114,2024-09-16 09:00:00,Mobile,Canada
1935,278,2024-04-18 09:00:00,Mobile,Germany
1936,500,2024-07-07 08:00:00,Tablet,UK
1937,414,2024-01-08 02:00:00,Mobile,UK
1938,468,2024-07-09 13:00:00,Desktop,India
1939,213,2024-09-12 08:00:00,Mobile,UK
1940,172,2024-04-26 10:00:00,Desktop,Canada
1941,288,2024-04-08 04:00:00,Desktop,USA
1942,435,2024-10-24 12:00:00,Desktop,USA
1943,174,2024-06-12 23:00:00,Desktop,USA
1944,113,2024-05-20 11:00:00,Mobile,USA
1945,376,2024-02-06 09:00:00,Desktop,UK
1946,405,2024-03-13 19:00:00,Desktop,UK
1947,483,2024-07-17 01:00:00,Desktop,India
1948,122,2024-09-02 23:00:00,Mobile,UK
1949,32,2024-02-29 22:00:00,Mobile,USA
1950,222,2024-04-12 07:00:00,Desktop,Germany
1951,119,2024-11-15 06:00:00,Desktop,Germany
1952,39,2024-12-06 22:00:00,Desktop,Canada
1953,497,2024-06-05 13:00:00,Tablet,Canada
1954,268,2024-06-27 04:00:00,Mobile,UK
1955,233,2024-08-10 17:00:00,Mobile,Germany
1956,431,2024-10-02 11:00:00,Mobile,USA
1957,18,2024-07-01 16:00:00,Desktop,USA
1958,149,2024-05-09 12:00:00,Mobile,USA
1959,397,2024-05-01 06:00:00,Mobile,UK
1960,149,2024-08-07 09:00:00,Desktop,UK
1961,126,2024-03-10 02:00:00,Desktop,India
1962,392,2024-07-04 02:00:00,Mobile,USA
1963,302,2024-03-22 10:00:00,Tablet,USA
1964,360,2024-12-05 04:00:00,Desktop,UK
1965,238,2024-08-01 18:00:00,Mobile,UK
1966,135,2024-11-13 15:00:00,Mobile,India
1967,151,2024-08-03 08:00:00,Desktop,India
1968,236,2024-11-19 14:00:00,Desktop,Canada
1969,224,2024-08-04 11:00:00,Desktop,Germany
1970,203,2024-02-04 22:00:00,Mobile,USA
1971,256,2024-09-26 16:00:00,Desktop,USA
1972,86,2024-12-23 03:00:00,Desktop,India
1973,150,2024-01-07 18:00:00,Mobile,India
1974,235,2024-10-31 15:00:00,Mobile,Canada
1975,345,2024-04-20 21:00:00,Desktop,Germany
1976,22,2024-08-19 18:00:00,Desktop,Canada
1977,348,2024-03-12 17:00:00,Desktop,Germany
1978,285,2024-08-07 15:00:00,Mobile,USA
1979,269,2024-03-23 09:00:00,Mobile,Canada
1980,466,2024-09-29 12:00:00,Desktop,India
1981,258,2024-01-07 09:00:00,Mobile,Canada
1982,29,2024-02-03 03:00:00,Mobile,Canada
1983,213,2024-01-06 23:00:00,Mobile,USA
1984,463,2024-08-02 05:00:00,Mobile,India
1985,436,2024-10-11 22:00:00,Desktop,India
1986,283,2024-12-02 13:00:00,Desktop,UK
1987,50,2024-05-31 10:00:00,Mobile,UK
1988,95,2024-01-26 18:00:00,Mobile,UK
1989,463,2024-10-10 02:00:00,Mobile,USA
1990,499,2024-03-15 05:00:00,Desktop,Canada
1991,407,2024-07-07 13:00:00,Tablet,India
1992,88,2024-03-30 15:00:00,Mobile,India
1993,44,2024-01-21 21:00:00,Desktop,Canada
1994,461,2024-07-02 06:00:00,Desktop,India
1995,278,2024-08-09 07:00:00,Mobile,Canada
1996,171,2024-06-27 19:00:00,Mobile,USA
1997,421,2024-04-21 21:00:00,Desktop,USA
1998,189,2024-02-28 06:00:00,Mobile,USA
1999,353,2024-04-18 00:00:00,Desktop,Canada
2000,184,2024-06-05 07:00:00,Desktop,Canada
